,Sentiment,0,1,2,3,4,5,6,7,8,9,10,11,12,13,14,15,16,17,18,19,20,21,22,23,24
795,1,9655,1646,182,50,80,5078,628,2106,2043,1,0,0,0,0,0,0,0,0,0,0,0,0,0,0,0
319,0,2765,54320,4105,424,561,19,746,899,39,1,288,84,3485,597,426,415,3485,0,0,0,0,0,0,0,0
382,0,213,1,4,322,746,224,3135,931,567,1022,2322,0,0,0,0,0,0,0,0,0,0,0,0,0,0
737,0,2,15300,126,242,3249,1672,393,3822,1060,22425,629,12797,190,4757,2641,0,0,0,0,0,0,0,0,0,0
422,1,28095,3,1599,1315,712,1329,1410,5032,3728,712,683,460,0,0,0,0,0,0,0,0,0,0,0,0,0
327,0,110,746,2,19,1948,6532,331,50,1,931,142,846,516,101,130,18,875,709,0,0,0,0,0,0,0
804,1,1,2343,124,4,50,177,192,321,56,950,188,25,615,11,2,0,0,0,0,0,0,0,0,0,0
136,0,2765,1,81,721,746,237,5926,2426,4105,39,288,1,4962,140,3530,424,222,0,0,0,0,0,0,0,0
670,0,2641,1,846,899,674,1829,138,317,393,38,3598,14,441,696,1,0,0,0,0,0,0,0,0,0,0
777,1,235,39,50,931,1183,404,1772,1,0,0,0,0,0,0,0,0,0,0,0,0,0,0,0,0,0
323,0,2235,1,508,2691,167,62,55,111,180,1655,899,71,101,2,7,746,674,433,0,0,0,0,0,0,0
344,0,1118,66,9,1794,456,746,302,82,2,150,1,0,0,0,0,0,0,0,0,0,0,0,0,0,0
497,1,248,156,9,1,53,28,511,712,98912,0,0,0,0,0,0,0,0,0,0,0,0,0,0,0,0
227,0,383,1,1059,109,2,39922,1,1082,215,4,73955,3485,746,1,0,0,0,0,0,0,0,0,0,0,0
44,1,110,746,2,99,408,40,10804,132,41,267,296,22,0,0,0,0,0,0,0,0,0,0,0,0,0
404,1,339,10113,2101,7205,2599,8539,1527,80,23328,1008,7816,2,7,48,271,18,712,0,0,0,0,0,0,0,0
210,0,2,7,859,7955,64364,1,798,11644,2381,4995,746,2783,112,126,10148,17,1,0,0,0,0,0,0,0,0
428,1,7763,6555,28738,1,6935,746,302,111,9070,592,712,0,0,0,0,0,0,0,0,0,0,0,0,0,0
444,1,33,4,65,495,596,1690,14,441,696,1,4869,712,0,0,0,0,0,0,0,0,0,0,0,0,0
174,0,746,200,22877,69,1792,368,0,0,0,0,0,0,0,0,0,0,0,0,0,0,0,0,0,0,0
70,1,239,785,527,746,66357,64,404,1347,1448,1,5459,3075,8213,0,0,0,0,0,0,0,0,0,0,0,0
462,1,495,596,1690,3,380,6498,31,10,14,441,696,1,1,712,1,0,0,0,0,0,0,0,0,0,0
465,1,69,23,867,712,3,495,596,1690,2,24,932,0,0,0,0,0,0,0,0,0,0,0,0,0,0
309,0,746,1,1,337,761,1,1,433,1823,0,0,0,0,0,0,0,0,0,0,0,0,0,0,0,0
66,1,1,746,2,11,0,0,0,0,0,0,0,0,0,0,0,0,0,0,0,0,0,0,0,0,0
598,1,4893,11014,2641,12017,128,23886,1,0,0,0,0,0,0,0,0,0,0,0,0,0,0,0,0,0,0
23,1,115,60,1,746,0,0,0,0,0,0,0,0,0,0,0,0,0,0,0,0,0,0,0,0,0
30,1,1,3744,746,0,0,0,0,0,0,0,0,0,0,0,0,0,0,0,0,0,0,0,0,0,0
542,1,39,6555,28738,931,99755,2267,2675,915,49,377,8,28738,7763,712,4869,85,162,1,0,0,0,0,0,0,0
67,1,1,746,5570,976,445,12040,425,6834,2642,211,163,3,37,1425,0,0,0,0,0,0,0,0,0,0,0
723,0,2641,2779,2050,788,0,0,0,0,0,0,0,0,0,0,0,0,0,0,0,0,0,0,0,0,0
328,0,746,73,746,15,2,2182,1811,288,201,10,0,0,0,0,0,0,0,0,0,0,0,0,0,0,0
333,0,49035,443,174,712,1517,746,1,2,23,1,1643,2169,78,569,0,0,0,0,0,0,0,0,0,0,0
798,1,277,460,3811,50,836,0,0,0,0,0,0,0,0,0,0,0,0,0,0,0,0,0,0,0,0
754,0,2214,1148,846,2641,0,0,0,0,0,0,0,0,0,0,0,0,0,0,0,0,0,0,0,0,0
244,0,319,426,23,26,3148,895,302,2507,1462,1,2706,1,746,1,0,0,0,0,0,0,0,0,0,0,0
300,0,1,22939,3485,3349,84,1462,1,746,1851,327,1948,0,0,0,0,0,0,0,0,0,0,0,0,0,0
76,1,1684,230,272,52,158,2,12,93635,193,746,302,0,0,0,0,0,0,0,0,0,0,0,0,0,0
250,0,2765,1,3944,302,1517,21400,1978,2101,236,931,3,1578,14,441,696,1,1,0,0,0,0,0,0,0,0
714,0,2,7,8,1593,155,1473,174,5441,8432,184,64,12620,2484,425,2,176,5,21,2641,1473,415,0,0,0,0
611,1,2641,11018,1202,296,1672,157,393,3494,2641,1,14,441,696,1,0,0,0,0,0,0,0,0,0,0,0
585,0,229,64,712,4,7060,2707,1,0,0,0,0,0,0,0,0,0,0,0,0,0,0,0,0,0,0
851,0,290,50,181,13650,838,74,104,10,408,121,0,0,0,0,0,0,0,0,0,0,0,0,0,0,0
72,1,184,9,302,534,27,15,43,239,746,0,0,0,0,0,0,0,0,0,0,0,0,0,0,0,0
527,1,4869,111,530,191,1244,456,1520,9984,712,4869,44081,0,0,0,0,0,0,0,0,0,0,0,0,0,0
567,0,55985,712,936,35258,12279,936,761,44416,730,1010,907,15154,388,0,0,0,0,0,0,0,0,0,0,0,0
294,0,257,284,746,2648,895,38,193,109,37,33,4,22490,2883,746,567,1771,1,0,0,0,0,0,0,0,0
640,1,407,262,152,2347,2641,2108,327,9260,14,441,696,1,9984,31931,2641,0,0,0,0,0,0,0,0,0,0
526,1,11342,11074,1822,2223,200,219,6659,712,0,0,0,0,0,0,0,0,0,0,0,0,0,0,0,0,0
139,0,746,1247,6,302,302,831,327,910,1079,1,0,0,0,0,0,0,0,0,0,0,0,0,0,0,0
819,0,69,390,18703,7205,1504,50,204,103,259,248,2,7,571,100,2,291,78,227,0,0,0,0,0,0,0
790,1,2765,1,1,50,313,460,0,0,0,0,0,0,0,0,0,0,0,0,0,0,0,0,0,0,0
679,0,58,17,283,2641,5831,1,106,399,14,441,696,1,0,0,0,0,0,0,0,0,0,0,0,0,0
96,1,2765,1,1,46,71,302,269,171,1499,315,244,51,746,759,0,0,0,0,0,0,0,0,0,0,0
644,1,9,3478,2635,2641,14845,555,12485,5500,14,441,696,1,0,0,0,0,0,0,0,0,0,0,0,0,0
332,0,131,47,577,746,1118,2064,0,0,0,0,0,0,0,0,0,0,0,0,0,0,0,0,0,0,0
449,1,1,6,80,2231,2,7053,33,4,65,5,28738,125,712,0,0,0,0,0,0,0,0,0,0,0,0
316,0,556,746,13060,936,2,448,14101,60,109,9593,1,516,0,0,0,0,0,0,0,0,0,0,0,0,0
265,0,143,2765,4791,17138,746,130,516,43711,395,33,4,1702,1655,0,0,0,0,0,0,0,0,0,0,0,0
120,1,271,689,1,17543,331,1550,3058,81,114,3354,401,746,0,0,0,0,0,0,0,0,0,0,0,0,0
302,0,25,66,746,393,135,582,1850,1,302,200,1,0,0,0,0,0,0,0,0,0,0,0,0,0,0
86,1,746,302,111,58,2648,0,0,0,0,0,0,0,0,0,0,0,0,0,0,0,0,0,0,0,0
697,0,275,2641,1,2074,1473,2516,1672,393,1672,157,393,6334,2,181,1672,157,1576,0,0,0,0,0,0,0,0
39,1,133,64,746,63186,797,111,1552,4983,5559,107,84954,14,441,696,1,13543,3622,2765,1,0,0,0,0,0,0
450,1,202,271,23812,6555,28738,1416,272,2231,1623,14,441,696,1,1,527,4869,28738,712,0,0,0,0,0,0,0
192,0,1,4869,304,27,746,0,0,0,0,0,0,0,0,0,0,0,0,0,0,0,0,0,0,0,0
634,1,6334,252,973,1465,14,441,696,1,2641,252,398,0,0,0,0,0,0,0,0,0,0,0,0,0,0
568,0,1886,1,3989,712,7763,51,79,142,198,25,3,3876,415,0,0,0,0,0,0,0,0,0,0,0,0
231,0,608,302,746,0,0,0,0,0,0,0,0,0,0,0,0,0,0,0,0,0,0,0,0,0,0
362,0,110,123,746,722,259,1,1,2149,4476,634,851,10301,14773,2,5613,0,0,0,0,0,0,0,0,0,0
762,0,1,55868,3636,400,5984,4,55,113,46,14,441,696,1,4869,712,2641,0,0,0,0,0,0,0,0,0
314,0,1139,54,2440,1,3576,1579,931,142,846,148,3,931,39,746,93635,193,611,219,1517,1849,0,0,0,0,0
215,0,45,302,72314,988,746,215,4,120,58,0,0,0,0,0,0,0,0,0,0,0,0,0,0,0,0
456,1,712,1461,1962,0,0,0,0,0,0,0,0,0,0,0,0,0,0,0,0,0,0,0,0,0,0
483,1,2,5,231,55,712,3,5,177,6348,9264,4869,3683,712,4869,0,0,0,0,0,0,0,0,0,0,0
137,0,2765,1,10311,746,4983,270,38,1290,1831,6,222,6707,6555,96,1980,17171,222,157,1738,0,0,0,0,0,0
198,0,16,40,499,65,16,461,5,447,746,277,357,17,1,0,0,0,0,0,0,0,0,0,0,0,0
110,1,1,5,39,23274,416,157,683,3977,746,0,0,0,0,0,0,0,0,0,0,0,0,0,0,0,0
275,0,160,3,355,43711,15,746,0,0,0,0,0,0,0,0,0,0,0,0,0,0,0,0,0,0,0
168,0,1,2,20,746,4,22582,249,1100,138,1100,1462,300,1,101,3,1454,41540,0,0,0,0,0,0,0,0
591,0,275,712,4,516,6167,6821,4869,38,60,325,121,2,236,94,5004,6,1,0,0,0,0,0,0,0,0
479,1,712,7763,591,3156,1690,1,0,0,0,0,0,0,0,0,0,0,0,0,0,0,0,0,0,0,0
548,1,51,7763,6555,28738,495,596,1690,137,4869,1,712,0,0,0,0,0,0,0,0,0,0,0,0,0,0
656,1,51,126,443,2586,454,12,631,2205,2648,2641,0,0,0,0,0,0,0,0,0,0,0,0,0,0,0
820,0,2765,1,50,551,30,119,2642,0,0,0,0,0,0,0,0,0,0,0,0,0,0,0,0,0,0
578,0,608,51,1714,124,51,4869,2767,1255,722,712,0,0,0,0,0,0,0,0,0,0,0,0,0,0,0
388,0,10591,619,201,277,2648,746,146,931,1064,2642,1834,2642,224,1419,340,30,878,341,38784,0,0,0,0,0,0
858,0,663,3,1355,97,5,2765,181,4,105,5,1,1492,50,547,3,12,99,79,0,0,0,0,0,0,0
487,1,2,7,93635,1576,44081,117,58,249,712,0,0,0,0,0,0,0,0,0,0,0,0,0,0,0,0
306,0,746,113,169,47,2,312,67,584,155,463,4,28,0,0,0,0,0,0,0,0,0,0,0,0,0
529,1,2101,7205,1556,53,321,2722,712,1,0,0,0,0,0,0,0,0,0,0,0,0,0,0,0,0,0
259,0,746,62,422,106,453,1,1005,3951,1273,2941,2648,895,24,1899,1273,31,0,0,0,0,0,0,0,0,0
260,0,670,5232,1,1311,222,1462,3485,180,1517,5286,26,746,47,17,6,7067,1,415,0,0,0,0,0,0,0
533,1,2101,7205,44081,812,11,2,4,40,70000,1951,1561,354,1528,4869,44081,712,0,0,0,0,0,0,0,0,0
705,0,1,1770,5599,6049,2641,3,1008,1,7101,0,0,0,0,0,0,0,0,0,0,0,0,0,0,0,0
650,1,2765,1,2765,106,1,245,80,42,670,8,1,383,58,17,1,1,1043,9886,0,0,0,0,0,0,0
451,1,596,779,448,335,495,596,157,249,712,0,0,0,0,0,0,0,0,0,0,0,0,0,0,0,0
868,0,50,37,11682,1,8635,0,0,0,0,0,0,0,0,0,0,0,0,0,0,0,0,0,0,0,0
445,1,40,14722,224,2950,712,14,441,696,1,24,39,28738,0,0,0,0,0,0,0,0,0,0,0,0,0
63,1,6272,2,7,1796,302,288,757,3107,895,548,1010,9,249,746,0,0,0,0,0,0,0,0,0,0,0
826,0,27,98322,1147,141,5,21,50,6,18898,18,0,0,0,0,0,0,0,0,0,0,0,0,0,0,0
802,1,50,153,89,170,209,358,105,1886,50,313,0,0,0,0,0,0,0,0,0,0,0,0,0,0,0
342,0,746,722,375,1,5286,147,151,1238,763,130,4,1016,16,0,0,0,0,0,0,0,0,0,0,0,0
65,1,746,5,106,2,7,1,1691,1561,112,135,17,5,584,4869,2178,0,0,0,0,0,0,0,0,0,0
209,0,2765,1,1,2381,746,260,204,16,140,6,1909,17,611,7131,33391,418,0,0,0,0,0,0,0,0,0
756,0,1,1,823,2486,1973,296,1811,130,574,14,441,696,1,55870,2641,0,0,0,0,0,0,0,0,0,0
778,1,1,382,1,3770,50,59,8259,50,313,59,0,0,0,0,0,0,0,0,0,0,0,0,0,0,0
78,1,1,2,7,2923,58,1980,816,1409,15,746,675,157,5376,39,157,80,1,0,0,0,0,0,0,0,0
513,1,871,2657,712,44081,0,0,0,0,0,0,0,0,0,0,0,0,0,0,0,0,0,0,0,0,0
711,0,204,746,4216,2641,14,441,696,1,214,1742,675,8579,0,0,0,0,0,0,0,0,0,0,0,0,0
549,1,2,33,4,65,5,39,6555,28738,1,128,165,678,712,2726,14,441,696,1,675,26727,0,0,0,0,0
298,0,746,4,123,468,1462,237,352,691,143,38,957,16,123,1103,17,241,43,0,0,0,0,0,0,0,0
761,0,204,746,4216,2641,14,441,696,1,0,0,0,0,0,0,0,0,0,0,0,0,0,0,0,0,0
514,1,1,1,1,46,123,6125,712,4869,1008,1943,157,81,47,2466,9,249,123,0,0,0,0,0,0,0,0
784,1,492,38,171,50,0,0,0,0,0,0,0,0,0,0,0,0,0,0,0,0,0,0,0,0,0
584,0,154,4869,2778,415,712,0,0,0,0,0,0,0,0,0,0,0,0,0,0,0,0,0,0,0,0
693,0,2214,39364,2,126,2214,25,1830,198,2641,387,193,5984,404,683,14,441,696,1,0,0,0,0,0,0,0
457,1,210,615,80,712,712,365,0,0,0,0,0,0,0,0,0,0,0,0,0,0,0,0,0,0,0
377,0,746,150,1517,21,0,0,0,0,0,0,0,0,0,0,0,0,0,0,0,0,0,0,0,0,0
49,1,51,86,746,1884,678,123,516,4111,365,0,0,0,0,0,0,0,0,0,0,0,0,0,0,0,0
208,0,506,553,424,1458,8,2113,746,0,0,0,0,0,0,0,0,0,0,0,0,0,0,0,0,0,0
786,1,203,50,605,0,0,0,0,0,0,0,0,0,0,0,0,0,0,0,0,0,0,0,0,0,0
239,0,64364,1,7941,746,1273,39,1,550,599,1,115,115,202,9712,387,17,931,7205,93635,193,0,0,0,0,0
718,0,14,441,696,1,631,93,11,1,1,2641,2371,5552,0,0,0,0,0,0,0,0,0,0,0,0,0
581,0,9,249,712,319,5,311,233,1952,1,0,0,0,0,0,0,0,0,0,0,0,0,0,0,0,0
630,1,12,2641,3489,12,35,10530,2147,43,1,385,1708,0,0,0,0,0,0,0,0,0,0,0,0,0,0
685,0,2641,66,325,323,8902,1,506,323,190,49796,675,1,14,441,696,1,0,0,0,0,0,0,0,0,0
867,0,81,47,5303,50,0,0,0,0,0,0,0,0,0,0,0,0,0,0,0,0,0,0,0,0,0
559,0,712,1602,816,70063,7612,1602,10358,10235,377,8,2041,1297,2373,14,441,696,1,1,0,0,0,0,0,0,0
426,1,51,112,712,28738,157,14,441,696,1,0,0,0,0,0,0,0,0,0,0,0,0,0,0,0,0
33,1,601,3354,3,12218,1829,153,198,302,2,23,709,18,14,441,696,1,91397,746,0,0,0,0,0,0,0
31,1,1667,53,4715,2,43711,4981,746,14,441,696,1,0,0,0,0,0,0,0,0,0,0,0,0,0,0
235,0,721,8009,846,1,1654,746,154,32953,1462,0,0,0,0,0,0,0,0,0,0,0,0,0,0,0,0
381,0,27,746,281,6933,1276,302,111,1,308,37,118,1,165,12410,2483,38,2672,2086,3,1,1,0,0,0,0
507,1,2765,1,1,12383,200,270,490,402,167,490,423,441,712,1,0,0,0,0,0,0,0,0,0,0,0
811,1,2765,1,50,150,134,732,312,1026,100,4720,332,131,18,0,0,0,0,0,0,0,0,0,0,0,0
109,1,2765,1,1,5,39,23274,416,157,683,3977,746,0,0,0,0,0,0,0,0,0,0,0,0,0,0
77,1,746,2265,128,0,0,0,0,0,0,0,0,0,0,0,0,0,0,0,0,0,0,0,0,0,0
847,0,100,833,460,50,1263,2,7,5,303,0,0,0,0,0,0,0,0,0,0,0,0,0,0,0,0
82,1,1,2686,1365,746,141,1670,58,1510,238,251,26,0,0,0,0,0,0,0,0,0,0,0,0,0,0
357,0,1392,304,64,1113,1462,916,93635,746,1,0,0,0,0,0,0,0,0,0,0,0,0,0,0,0,0
495,1,65324,2,24,495,596,1690,712,4869,0,0,0,0,0,0,0,0,0,0,0,0,0,0,0,0,0
596,1,69,5269,154,2641,1,15517,468,1,793,520,3329,15666,31,152,0,0,0,0,0,0,0,0,0,0,0
196,0,611,79,64,39,5139,761,219,17592,1985,689,22,3496,3496,6,746,408,192,0,0,0,0,0,0,0,0
290,0,487,746,5748,192,157,6977,3176,669,3224,5,7546,1545,2178,5,16,1,720,1132,0,0,0,0,0,0,0
680,0,631,1672,387,2641,33,4,322,668,1,899,14,441,696,1,0,0,0,0,0,0,0,0,0,0,0
5,1,51,1345,1485,79,43711,55,304,2,370,211,746,150,43711,1250,4048,14,441,696,1,675,1,0,0,0,0
54,1,125,158,1448,761,1,27,78,746,628,14,441,696,1,0,0,0,0,0,0,0,0,0,0,0,0
664,0,2641,4432,9152,674,1,99,0,0,0,0,0,0,0,0,0,0,0,0,0,0,0,0,0,0,0
606,1,3204,105,2641,37,867,13543,1900,14,441,696,1,1,3204,0,0,0,0,0,0,0,0,0,0,0,0
825,0,81,856,4,10,87,18898,4,24,288,124,50,300,1408,2868,0,0,0,0,0,0,0,0,0,0,0
97,1,113,746,1,8783,141,123,125,11799,520,48,195,1611,895,14,441,696,1,0,0,0,0,0,0,0,0
837,0,50,931,213,4,105,1832,2,764,97,0,0,0,0,0,0,0,0,0,0,0,0,0,0,0,0
835,0,50,8992,2,33,4,23,8635,0,0,0,0,0,0,0,0,0,0,0,0,0,0,0,0,0,0
848,0,1394,1650,50,234,67,24,2642,4715,177,38384,1,0,0,0,0,0,0,0,0,0,0,0,0,0,0
490,1,712,22877,3876,591,3993,115,60,0,0,0,0,0,0,0,0,0,0,0,0,0,0,0,0,0,0
25,1,2765,1,2,7,797,100,836,1,2,20,3,1623,157,2,76,176,2,7,73,0,0,0,0,0,0
84,1,1448,39,1,43,746,1,0,0,0,0,0,0,0,0,0,0,0,0,0,0,0,0,0,0,0
10,1,488,2,20,746,1664,155,5096,2,2925,63,43711,2182,89,3121,1719,710,4190,0,0,0,0,0,0,0,0
218,0,31972,302,37,96,4160,556,746,1108,96,12,1108,30252,245,54,4105,1108,96,4160,1,1,0,0,0,0,0
365,0,78663,129,2543,1648,456,952,28,487,746,277,47,0,0,0,0,0,0,0,0,0,0,0,0,0,0
405,1,712,495,596,1690,208,777,160,20,14,441,696,1,712,4869,495,596,1690,0,0,0,0,0,0,0,0
576,0,556,712,7763,494,1791,3985,129,130,0,0,0,0,0,0,0,0,0,0,0,0,0,0,0,0,0
118,1,1492,253,43711,28,24,1462,27,125,746,0,0,0,0,0,0,0,0,0,0,0,0,0,0,0,0
731,0,1,5748,2440,19029,606,1,2641,805,14,441,696,1,0,0,0,0,0,0,0,0,0,0,0,0,0
296,0,43,746,1829,288,26558,15425,594,0,0,0,0,0,0,0,0,0,0,0,0,0,0,0,0,0,0
29,1,1118,11,3269,281,134,230,746,302,131,14179,215,4,344,134,0,0,0,0,0,0,0,0,0,0,0
752,0,1,1,133,1304,99,85,299,115,1,175,2641,169,54488,2134,88,1545,3098,1,455,36675,3,45460,0,0,0
393,0,2765,1,31,746,160,78,1082,2,33,4,1232,252,2521,358,4528,32274,2,5,632,0,0,0,0,0,0
286,0,69,915,732,38,135,173,28738,22,746,0,0,0,0,0,0,0,0,0,0,0,0,0,0,0,0
211,0,227,746,13278,10509,540,302,133,10,0,0,0,0,0,0,0,0,0,0,0,0,0,0,0,0,0
691,0,124,2641,154,1519,28434,6951,36,198,1,1019,14,441,696,1,0,0,0,0,0,0,0,0,0,0,0
81,1,2765,1,740,1,740,746,56462,365,7906,9052,138,14,441,696,1,0,0,0,0,0,0,0,0,0,0
768,0,6534,1055,10216,236,66,258,2218,36,21,22731,1051,684,2641,0,0,0,0,0,0,0,0,0,0,0,0
626,1,55868,3510,46,171,244,609,141,408,9421,244,126,4869,14,441,696,1,1884,2641,569,13384,0,0,0,0,0
544,1,113,239,2267,931,11314,4869,111,530,16983,6222,1,712,4869,44081,0,0,0,0,0,0,0,0,0,0,0
398,1,534,86,5899,195,712,7379,126,915,27,14,441,696,1,0,0,0,0,0,0,0,0,0,0,0,0
765,0,1,22,21702,1347,1508,8704,8914,910,2641,0,0,0,0,0,0,0,0,0,0,0,0,0,0,0,0
312,0,24440,2879,269,1008,39,7926,3445,4327,6849,18201,3629,746,385,21,1,1,1,0,0,0,0,0,0,0,0
326,0,556,746,9513,4399,9440,1623,302,1,288,62,1517,215,4,10,354,1130,7930,71464,0,0,0,0,0,0,0
523,1,8755,12366,18217,712,3509,53,321,1799,23,179,14,441,696,1,0,0,0,0,0,0,0,0,0,0,0
746,0,38569,182,2765,1,443,697,359,2765,1,2641,415,1,1,3621,14,441,696,1,0,0,0,0,0,0,0
368,0,101,746,215,4,120,126,1626,1082,1262,2,1626,689,891,140,2,14230,6154,208,729,0,0,0,0,0,0
706,0,2,33012,6,830,2641,1009,2,4,19,2,142,150,830,5749,14,441,696,1,0,0,0,0,0,0,0
425,1,712,1,3156,58,0,0,0,0,0,0,0,0,0,0,0,0,0,0,0,0,0,0,0,0,0
473,1,2765,1,43,7763,712,2,7,1693,495,596,1690,1,712,7763,0,0,0,0,0,0,0,0,0,0,0
759,0,712,1517,2043,2641,443,11827,1350,712,1517,548,1116,2642,14,441,696,1,0,0,0,0,0,0,0,0,0
859,0,1,663,582,311,16876,1492,50,0,0,0,0,0,0,0,0,0,0,0,0,0,0,0,0,0,0
751,0,2765,37468,204,746,4216,2641,14,441,696,1,115,2641,3,1109,6133,238,9894,0,0,0,0,0,0,0,0
266,0,746,130,516,43711,395,33,4,1702,1655,0,0,0,0,0,0,0,0,0,0,0,0,0,0,0,0
360,0,2765,1,200,1399,746,1980,816,1113,176,13868,52770,64,3685,46001,746,567,0,0,0,0,0,0,0,0,0
817,0,50,460,372,0,0,0,0,0,0,0,0,0,0,0,0,0,0,0,0,0,0,0,0,0,0
7,1,1253,886,1113,128,1980,816,4775,10637,746,0,0,0,0,0,0,0,0,0,0,0,0,0,0,0,0
852,0,50,580,1,1244,7193,96,59,3217,1887,286,1,2765,4433,905,20488,0,0,0,0,0,0,0,0,0,0
155,0,341,74,746,28,218,237,2322,252,1602,39,1691,1561,46,269,32605,1,2642,0,0,0,0,0,0,0,0
331,0,2,31,99,746,215,4,120,1719,1,931,300,5286,25,2524,3579,0,0,0,0,0,0,0,0,0,0
101,1,746,93635,193,305,22237,157,915,850,824,2026,3003,1,3241,10113,50,27,78,0,0,0,0,0,0,0,0
380,0,1725,394,521,302,111,262,1,1462,190,1272,1458,746,567,1314,343,0,0,0,0,0,0,0,0,0,0
281,0,1,1,396,3,743,1018,746,269,516,25,71,746,530,1,0,0,0,0,0,0,0,0,0,0,0
359,0,119,2322,154,2423,746,0,0,0,0,0,0,0,0,0,0,0,0,0,0,0,0,0,0,0,0
213,0,288,10944,193,190,316,157,461,120,574,1082,612,43,746,0,0,0,0,0,0,0,0,0,0,0,0
299,0,6,746,2074,129,1,1823,37,1823,302,215,4,353,1,0,0,0,0,0,0,0,0,0,0,0,0
2,1,1140,527,271,123,6972,746,3,43711,177,47,1424,12,5704,14,441,696,1,0,0,0,0,0,0,0,0
247,0,357,17,2,84,732,1560,594,764,267,1,104,125,673,2241,2642,858,37,5195,746,0,0,0,0,0,0
478,1,200,2765,1,1,8755,18217,5658,14,441,696,1,712,0,0,0,0,0,0,0,0,0,0,0,0,0
689,0,2765,1,597,16,9206,1980,16,1,119,1650,1717,3109,1262,345,557,119,4736,3831,2641,415,0,0,0,0,0
280,0,746,67,599,4055,1980,1850,10371,1,258,5857,1643,1648,2898,14,441,696,1,0,0,0,0,0,0,0,0
158,0,2,78,7062,746,3,1,1449,1980,816,277,0,0,0,0,0,0,0,0,0,0,0,0,0,0,0
501,1,159,495,596,1690,712,4869,0,0,0,0,0,0,0,0,0,0,0,0,0,0,0,0,0,0,0
813,1,2,142,40297,47,31,11,50,18,0,0,0,0,0,0,0,0,0,0,0,0,0,0,0,0,0
551,1,39,6555,28738,1829,99755,8662,495,596,1690,916,4869,28738,7763,712,4869,85,162,1,0,0,0,0,0,0,0
292,0,16004,93635,288,1253,208,1,3,6728,2,276,714,746,516,25,0,0,0,0,0,0,0,0,0,0,0
755,0,2641,3,1,1418,4869,157,27,1,1023,2466,14,441,696,1,675,18915,0,0,0,0,0,0,0,0,0
412,1,2765,1,158,2,76,454,12,6555,28738,712,7763,1,4869,0,0,0,0,0,0,0,0,0,0,0,0
622,1,2641,2195,51,39,1364,915,43096,712,915,14,441,696,1,0,0,0,0,0,0,0,0,0,0,0,0
521,1,39,1185,931,1442,2077,1374,2826,66958,1185,1047,3329,29004,534,10389,712,4869,44081,0,0,0,0,0,0,0,0
338,0,965,72,746,3,1,2,7,1329,6,21,11650,111,38,1556,193,736,672,133,6293,82,0,0,0,0,0
653,1,1672,75897,1055,599,549,14,441,696,1,1,3478,1,2641,0,0,0,0,0,0,0,0,0,0,0,0
212,0,1,1,2,99,16,87,2,56,46,331,46,509,51,1399,1419,12088,203,51,238,277,1,1,746,1,0
429,1,24,14,441,696,1,712,28738,7763,6555,0,0,0,0,0,0,0,0,0,0,0,0,0,0,0,0
79,1,402,342,746,1899,157,1,0,0,0,0,0,0,0,0,0,0,0,0,0,0,0,0,0,0,0
148,0,1,25,1068,746,847,1815,3971,32605,3,32605,408,2642,1258,0,0,0,0,0,0,0,0,0,0,0,0
408,1,1,2,3245,712,1,25,53,321,160,5946,4869,1030,2,14,441,696,1,0,0,0,0,0,0,0,0
439,1,1,2,11,712,3240,18217,113,623,0,0,0,0,0,0,0,0,0,0,0,0,0,0,0,0,0
352,0,192,746,216,1,25,1439,10,10944,111,477,22,126,1517,192,746,3,1,5403,0,0,0,0,0,0,0
375,0,6415,714,746,678,395,269,480,1062,39,302,55597,0,0,0,0,0,0,0,0,0,0,0,0,0,0
254,0,7941,746,1273,39,1,550,27,0,0,0,0,0,0,0,0,0,0,0,0,0,0,0,0,0,0
361,0,200,1399,746,1980,816,1113,176,13868,52770,64,3685,46001,746,567,0,0,0,0,0,0,0,0,0,0,0
660,1,115,60,16,2641,0,0,0,0,0,0,0,0,0,0,0,0,0,0,0,0,0,0,0,0,0
133,1,9,678,563,1707,746,20084,567,111,3518,1980,1810,0,0,0,0,0,0,0,0,0,0,0,0,0,0
477,1,2727,6555,28738,14,441,696,1,4869,712,0,0,0,0,0,0,0,0,0,0,0,0,0,0,0,0
165,0,81,1,3,302,111,150,1788,218,17,222,1,288,746,0,0,0,0,0,0,0,0,0,0,0,0
530,1,200,615,761,6555,28738,2181,1,20,712,0,0,0,0,0,0,0,0,0,0,0,0,0,0,0,0
55,1,81,90,746,1,1,330,131,1,0,0,0,0,0,0,0,0,0,0,0,0,0,0,0,0,0
767,0,965,2,4,19,258,135,37,33,4,1149,2641,414,5005,1073,8051,1,0,0,0,0,0,0,0,0,0
655,1,1,1,2641,31,712,14,441,696,1,1,14005,20480,68,68,0,0,0,0,0,0,0,0,0,0,0
532,1,5722,2101,7205,1047,495,596,1690,1,1,712,4869,11342,0,0,0,0,0,0,0,0,0,0,0,0,0
363,0,1,746,4,125,86,120,126,22409,1,177,854,0,0,0,0,0,0,0,0,0,0,0,0,0,0
448,1,81,453,39,4869,1556,3616,4869,44081,712,1,0,0,0,0,0,0,0,0,0,0,0,0,0,0,0
204,0,746,357,17,93635,1811,288,1,6,551,2,40,334,3485,415,0,0,0,0,0,0,0,0,0,0,0
597,1,2641,17998,51,941,244,219,1580,24858,631,4576,693,14,441,696,1,0,0,0,0,0,0,0,0,0,0
434,1,2,24,39,712,1,4869,111,530,6,277,0,0,0,0,0,0,0,0,0,0,0,0,0,0,0
468,1,305,495,596,1690,2765,1,712,4869,111,530,495,596,1690,798,1923,712,11342,14,441,696,1,0,0,0,0
346,0,2,61,43711,74,97,746,516,0,0,0,0,0,0,0,0,0,0,0,0,0,0,0,0,0,0
440,1,712,3,1,30313,2,7,5,4869,2010,2,5,39,157,2,7,142,302,0,0,0,0,0,0,0,0
60,1,445,453,245,80,49,314,71,6,746,567,198,1,1662,5948,3445,0,0,0,0,0,0,0,0,0,0
199,0,1,4,105,17,561,267,788,746,0,0,0,0,0,0,0,0,0,0,0,0,0,0,0,0,0
350,0,7698,43711,608,3,197,2153,2642,140,75,2,7,1062,1702,1655,71,101,2642,746,1408,415,1,0,0,0,0
620,1,2641,1650,39,5779,1672,387,104,1010,915,14,441,696,1,1,1,1884,2641,0,0,0,0,0,0,0,0
436,1,402,342,712,5,498,98,684,46,838,0,0,0,0,0,0,0,0,0,0,0,0,0,0,0,0
383,0,746,2838,0,0,0,0,0,0,0,0,0,0,0,0,0,0,0,0,0,0,0,0,0,0,0
678,0,184,445,31,2350,126,915,3569,80,467,67,14,441,696,1,2641,0,0,0,0,0,0,0,0,0,0
355,0,556,746,46,269,120,353,1,601,8170,133,1135,357,5005,1,95,3,3811,0,0,0,0,0,0,0,0
657,1,37468,2,12,87,53,2362,2642,746,4214,1,12797,4214,5809,746,2641,0,0,0,0,0,0,0,0,0,0
618,1,2641,1923,1672,387,915,5779,2642,675,1,14,441,696,1,0,0,0,0,0,0,0,0,0,0,0,0
866,0,50,5174,856,311,0,0,0,0,0,0,0,0,0,0,0,0,0,0,0,0,0,0,0,0,0
430,1,495,596,1690,16,270,31,1303,474,3770,302,16,3,148,712,1793,1,2112,1,0,0,0,0,0,0,0
613,1,2641,11018,1202,296,1672,157,393,3494,2641,1,14,441,696,1,1,0,0,0,0,0,0,0,0,0,0
814,1,460,50,4415,17079,58,80,479,34,365,0,0,0,0,0,0,0,0,0,0,0,0,0,0,0,0
785,1,401,50,0,0,0,0,0,0,0,0,0,0,0,0,0,0,0,0,0,0,0,0,0,0,0
90,1,1,40,746,1,43711,0,0,0,0,0,0,0,0,0,0,0,0,0,0,0,0,0,0,0,0
821,0,2,99,50,71,101,0,0,0,0,0,0,0,0,0,0,0,0,0,0,0,0,0,0,0,0
181,0,54,746,1691,2022,793,0,0,0,0,0,0,0,0,0,0,0,0,0,0,0,0,0,0,0,0
779,1,2,7,104,5,31,3577,267,12963,465,167,50,66,131,365,0,0,0,0,0,0,0,0,0,0,0
69,1,8214,746,14,441,696,1,0,0,0,0,0,0,0,0,0,0,0,0,0,0,0,0,0,0,0
131,1,51,1,321,43711,3,732,12081,811,1100,2759,36754,8214,746,0,0,0,0,0,0,0,0,0,0,0,0
442,1,968,10,7763,712,1,1,39,4869,44081,534,4059,0,0,0,0,0,0,0,0,0,0,0,0,0,0
696,0,51,862,2641,126,1,22007,22,2054,1255,105,4104,6447,2457,14,441,696,1,0,0,0,0,0,0,0,0
135,1,12,12,12,93635,193,746,0,0,0,0,0,0,0,0,0,0,0,0,0,0,0,0,0,0,0
164,0,1878,746,311,0,0,0,0,0,0,0,0,0,0,0,0,0,0,0,0,0,0,0,0,0,0
28,1,746,1,1,746,584,111,1552,302,1,3587,129,107,1948,6532,16968,174,176,302,36203,0,0,0,0,0,0
669,0,1,63,661,20,906,19,2641,169,0,0,0,0,0,0,0,0,0,0,0,0,0,0,0,0,0
193,0,746,433,93635,193,1,2619,1517,2619,2813,7961,1850,2,142,190,208,0,0,0,0,0,0,0,0,0,0
291,0,54,1225,38,373,38,479,1,17,7062,746,38,1931,302,399,51,1548,88,1179,2,5,1548,88,58114,2,124
481,1,1426,712,960,4869,1829,111,530,495,596,1690,7763,4869,712,1,321,0,0,0,0,0,0,0,0,0,0
467,1,51,39,4869,28738,157,28,302,53,11,1328,1797,1885,567,5731,4869,712,1,1,0,0,0,0,0,0,0
140,0,746,40,1809,960,1,0,0,0,0,0,0,0,0,0,0,0,0,0,0,0,0,0,0,0,0
173,0,67,422,746,237,70900,793,2657,16858,19,2691,270,632,984,0,0,0,0,0,0,0,0,0,0,0,0
6,1,58,418,1486,969,746,77,4612,1351,567,0,0,0,0,0,0,0,0,0,0,0,0,0,0,0,0
651,1,3204,105,2641,37,867,13543,1900,14,441,696,1,0,0,0,0,0,0,0,0,0,0,0,0,0,0
396,1,2765,1,15,3,8,44081,115,60,4869,712,7763,0,0,0,0,0,0,0,0,0,0,0,0,0,0
73,1,2765,1,12,1,3049,5674,966,1157,548,2017,23,966,928,117,127,1556,1,746,0,0,0,0,0,0,0
601,1,2641,414,10,408,6272,0,0,0,0,0,0,0,0,0,0,0,0,0,0,0,0,0,0,0,0
311,0,75,746,1,119,5419,124,1311,0,0,0,0,0,0,0,0,0,0,0,0,0,0,0,0,0,0
433,1,2765,1,191,738,5094,11607,96,19746,2824,712,44081,1,0,0,0,0,0,0,0,0,0,0,0,0,0
145,0,1,848,302,1,10358,1890,2320,11214,1010,14,441,696,1,746,1,0,0,0,0,0,0,0,0,0,0
234,0,110,746,33,4,2,623,3243,571,302,213,33,4,2,4665,1,10085,11687,623,157,0,0,0,0,0,0
220,0,7158,929,746,3,936,2,56,5,5143,0,0,0,0,0,0,0,0,0,0,0,0,0,0,0,0
499,1,302,1576,89,832,2935,3494,3,2088,310,4869,746,712,302,0,0,0,0,0,0,0,0,0,0,0,0
862,0,54,50,1077,1,0,0,0,0,0,0,0,0,0,0,0,0,0,0,0,0,0,0,0,0,0
132,1,191,5,746,302,43,3521,5,17,0,0,0,0,0,0,0,0,0,0,0,0,0,0,0,0,0
871,0,2765,1,523,2359,50,257,45197,2,132,41,23,8635,0,0,0,0,0,0,0,0,0,0,0,0,0
721,0,1668,2834,1567,2641,10117,415,1,14,441,696,1,0,0,0,0,0,0,0,0,0,0,0,0,0,0
849,0,50,14646,477,1499,2,4,3307,451,0,0,0,0,0,0,0,0,0,0,0,0,0,0,0,0,0
41,1,2,7,12,39,1,288,746,0,0,0,0,0,0,0,0,0,0,0,0,0,0,0,0,0,0
535,1,3156,1690,53,9,304,4869,712,0,0,0,0,0,0,0,0,0,0,0,0,0,0,0,0,0,0
108,1,25,67,66,691,640,298,1118,113,16,746,111,4273,105,2340,14927,0,0,0,0,0,0,0,0,0,0
789,1,54,521,97,6,50,43,3341,154,80,142,373,98,0,0,0,0,0,0,0,0,0,0,0,0,0
56,1,746,3191,3062,2257,8937,982,0,0,0,0,0,0,0,0,0,0,0,0,0,0,0,0,0,0,0
305,0,936,1980,816,3647,56009,746,257,2,371,14578,64,42,1258,302,0,0,0,0,0,0,0,0,0,0,0
694,0,746,2641,51,2053,204,746,1,2641,1,14,441,696,1,1726,1726,2546,14005,0,0,0,0,0,0,0,0
836,0,158,50,124,924,647,0,0,0,0,0,0,0,0,0,0,0,0,0,0,0,0,0,0,0,0
24,1,25308,2765,746,96,676,900,2765,1,891,2,5,2455,302,16133,1768,0,0,0,0,0,0,0,0,0,0
334,0,4594,408,4,516,1591,609,277,746,2,7,6,21,2648,895,1890,788,0,0,0,0,0,0,0,0,0
409,1,2265,321,14,441,696,1,712,7763,6555,28738,5209,1,1,0,0,0,0,0,0,0,0,0,0,0,0
864,0,50,269,1599,0,0,0,0,0,0,0,0,0,0,0,0,0,0,0,0,0,0,0,0,0,0
51,1,2,12,746,5365,103,82,2,4,23,813,60,8,2046,0,0,0,0,0,0,0,0,0,0,0,0
797,1,2765,1,3722,4059,685,14,441,696,1,50,21161,40177,0,0,0,0,0,0,0,0,0,0,0,0,0
800,1,277,460,50,80,27,1,27979,0,0,0,0,0,0,0,0,0,0,0,0,0,0,0,0,0,0
557,0,33305,712,865,987,5203,559,1,1410,1698,904,0,0,0,0,0,0,0,0,0,0,0,0,0,0,0
264,0,227,722,95018,5485,746,0,0,0,0,0,0,0,0,0,0,0,0,0,0,0,0,0,0,0,0
416,1,133,2563,47,39,4869,288,92,9,574,29152,4166,20249,1008,636,83095,712,0,0,0,0,0,0,0,0,0
815,1,50,18572,1181,0,0,0,0,0,0,0,0,0,0,0,0,0,0,0,0,0,0,0,0,0,0
390,0,43711,6,127,49,34,36,746,5,311,549,1793,0,0,0,0,0,0,0,0,0,0,0,0,0,0
749,0,2641,415,1,1,3621,14,441,696,1,0,0,0,0,0,0,0,0,0,0,0,0,0,0,0,0
18,1,746,43711,1,321,0,0,0,0,0,0,0,0,0,0,0,0,0,0,0,0,0,0,0,0,0
628,1,1,2641,88531,2303,320,1408,387,10,471,10223,1,1,18633,14,441,696,1,0,0,0,0,0,0,0,0
806,1,50,1096,10613,8,460,19326,5755,8,0,0,0,0,0,0,0,0,0,0,0,0,0,0,0,0,0
83,1,740,1,740,746,56462,365,7906,9052,138,14,441,696,1,0,0,0,0,0,0,0,0,0,0,0,0
61,1,126,1118,111,22389,39817,190,1151,740,816,30,300,746,302,0,0,0,0,0,0,0,0,0,0,0,0
272,0,23,746,3,259,960,302,1,1341,1008,173,157,0,0,0,0,0,0,0,0,0,0,0,0,0,0
285,0,124,302,230,654,242,93635,193,288,746,3876,0,0,0,0,0,0,0,0,0,0,0,0,0,0,0
715,0,833,196,204,746,4216,2641,14,441,696,1,675,8579,2706,1,0,0,0,0,0,0,0,0,0,0,0
665,0,2641,1823,1473,612,2484,1178,14,441,696,1,675,1,0,0,0,0,0,0,0,0,0,0,0,0,0
12,1,63782,1,1021,494,9933,3821,427,6743,5352,2,5,231,496,746,4983,3276,2722,41038,1517,1,0,0,0,0,0
182,0,257,4,746,1,3003,1,308,76,149,255,201,357,2690,222,257,746,37783,0,0,0,0,0,0,0,0
367,0,746,4,1082,288,2,132,41,288,302,1,510,1082,55,40,288,25,510,415,0,0,0,0,0,0,0
710,0,2765,1,204,746,4216,2641,14,441,696,1,214,1742,675,8579,0,0,0,0,0,0,0,0,0,0,0
223,0,2,7,8183,88,346,746,5158,1347,1,275,2,122,5,10509,2,44,119,198,746,1,874,2,99,2654,0
522,1,39,6555,28738,271,53,117,28738,7763,712,4869,85,162,1,0,0,0,0,0,0,0,0,0,0,0,0
615,1,2641,567,2,36,479,218,2770,1859,1,0,0,0,0,0,0,0,0,0,0,0,0,0,0,0,0
672,0,2765,1,597,2641,216,1300,125,4601,2642,101,5078,1,146,4601,24702,2642,2631,0,0,0,0,0,0,0,0
424,1,2,569,1,47501,2642,712,3295,88,117,1,0,0,0,0,0,0,0,0,0,0,0,0,0,0,0
512,1,31,2175,5658,1028,2029,2642,712,4869,58,29271,7690,146,18,0,0,0,0,0,0,0,0,0,0,0,0
534,1,184,2101,7205,1556,53,321,44081,4869,7763,712,1,0,0,0,0,0,0,0,0,0,0,0,0,0,0
176,0,45,277,746,151,313,302,193,1225,187,1793,14,441,696,1,675,1,0,0,0,0,0,0,0,0,0
587,0,4869,7594,143,712,1,2029,88,1556,530,712,44081,4869,1,0,0,0,0,0,0,0,0,0,0,0,0
590,0,257,712,3121,7763,44081,0,0,0,0,0,0,0,0,0,0,0,0,0,0,0,0,0,0,0,0
163,0,46,19,746,25,3,291,72,242,2,371,1082,1203,2,67,31,11,126,25,1065,12711,516,0,0,0,0
248,0,1901,10,2,7,714,746,1809,51,277,220,1,0,0,0,0,0,0,0,0,0,0,0,0,0,0
558,0,1,3,1166,712,7242,25570,105,180,10,40,849,14,441,696,1,87863,12918,1,0,0,0,0,0,0,0
792,1,1,50,313,460,0,0,0,0,0,0,0,0,0,0,0,0,0,0,0,0,0,0,0,0,0
74,1,12,1,3049,5674,966,1157,548,2017,23,966,928,117,127,1556,1,746,0,0,0,0,0,0,0,0,0
113,1,4608,2397,1,2,12,25,2,12,1691,594,25,3,321,2,12,746,0,0,0,0,0,0,0,0,0
486,1,27,969,17,330,1660,712,4869,7763,21083,0,0,0,0,0,0,0,0,0,0,0,0,0,0,0,0
569,0,1,2,84,712,414,1,721,712,4,19,429,337,157,6570,0,0,0,0,0,0,0,0,0,0,0
104,1,2,115,60,746,14,441,696,1,0,0,0,0,0,0,0,0,0,0,0,0,0,0,0,0,0
114,1,39,93635,193,288,51,128,6227,746,0,0,0,0,0,0,0,0,0,0,0,0,0,0,0,0,0
351,0,611,79,93635,193,78,1135,3375,2663,195,28,2351,13863,43,746,0,0,0,0,0,0,0,0,0,0,0
92,1,158,746,567,1,2693,1,0,0,0,0,0,0,0,0,0,0,0,0,0,0,0,0,0,0,0
832,0,50,130,516,2765,433,0,0,0,0,0,0,0,0,0,0,0,0,0,0,0,0,0,0,0,0
89,1,746,43711,321,0,0,0,0,0,0,0,0,0,0,0,0,0,0,0,0,0,0,0,0,0,0
336,0,746,169,277,4983,27,211,3,2,11,337,816,124,277,936,0,0,0,0,0,0,0,0,0,0,0
537,1,495,596,1690,53,117,712,44081,0,0,0,0,0,0,0,0,0,0,0,0,0,0,0,0,0,0
801,1,171,4,50,311,158,435,53,11,1,1788,70,50,0,0,0,0,0,0,0,0,0,0,0,0,0
812,1,1,2587,25,17,2272,50,1018,7,4684,0,0,0,0,0,0,0,0,0,0,0,0,0,0,0,0
531,1,51,39,761,931,938,2882,1686,2642,761,6555,28738,86,712,4869,44081,0,0,0,0,0,0,0,0,0,0
536,1,1,712,501,326,3092,0,0,0,0,0,0,0,0,0,0,0,0,0,0,0,0,0,0,0,0
94,1,746,5,39,1,1462,1,9,268,1804,1118,0,0,0,0,0,0,0,0,0,0,0,0,0,0,0
11,1,2765,1,69,2727,746,3979,435,3,529,2,233,1065,153,5351,838,0,0,0,0,0,0,0,0,0,0
411,1,712,191,248,915,1575,1576,56519,14,441,696,1,0,0,0,0,0,0,0,0,0,0,0,0,0,0
43,1,17,6,5,302,1,724,318,592,158,1005,371,4160,43,746,0,0,0,0,0,0,0,0,0,0,0
42,1,154,856,746,567,14,441,696,1,2765,1,818,5,58,1980,816,746,567,0,0,0,0,0,0,0,0
329,0,1,22,433,601,194,1185,4,105,15269,6587,6915,1,746,746,0,0,0,0,0,0,0,0,0,0,0
167,0,746,33,4,267,302,9922,8306,21403,474,267,193,317,12630,24,754,6834,1942,0,0,0,0,0,0,0,0
770,0,722,2641,1,41156,10,2873,1,0,0,0,0,0,0,0,0,0,0,0,0,0,0,0,0,0,0
525,1,2765,1,1,313,313,712,0,0,0,0,0,0,0,0,0,0,0,0,0,0,0,0,0,0,0
673,0,3403,3336,345,9072,13895,2641,10353,14,441,696,1,0,0,0,0,0,0,0,0,0,0,0,0,0,0
554,0,527,271,978,37,288,1850,712,527,415,0,0,0,0,0,0,0,0,0,0,0,0,0,0,0,0
178,0,722,746,39,93635,193,4,1032,133,5,1475,5023,1,43711,142,16050,277,0,0,0,0,0,0,0,0,0
631,1,2641,1836,105,1,117,51,1,22,1100,2250,85,162,1,1,675,60053,0,0,0,0,0,0,0,0,0
580,0,4869,495,596,1690,3,380,6498,2642,415,1867,12081,1,1495,365,712,28738,14,441,696,1,0,0,0,0,0
177,0,746,96,2,215,4,65,744,1196,2123,1,88,140,2,7,311,268,0,0,0,0,0,0,0,0,0
595,0,415,380,12081,10,712,7763,0,0,0,0,0,0,0,0,0,0,0,0,0,0,0,0,0,0,0
695,0,275,746,36,195,5847,3434,1473,2516,1233,2079,1400,576,2641,3214,67,1062,0,0,0,0,0,0,0,0,0
602,1,425,48,22,1096,2765,1,2641,64817,2101,7003,2642,1,1848,14,441,696,1,675,1,0,0,0,0,0,0
257,0,319,426,592,70463,3837,824,1273,169,746,410,1,7926,3445,4256,0,0,0,0,0,0,0,0,0,0,0
417,1,271,712,2726,23,200,1946,14,441,696,1,0,0,0,0,0,0,0,0,0,0,0,0,0,0,0
335,0,275,746,4,516,1,72,2,7,198,38718,1,0,0,0,0,0,0,0,0,0,0,0,0,0,0
539,1,12,712,149,105,7316,480,2834,915,346,79,365,0,0,0,0,0,0,0,0,0,0,0,0,0,0
15,1,113,746,89,54,674,6759,3562,1360,616,1,1,0,0,0,0,0,0,0,0,0,0,0,0,0,0
3,1,10988,28,577,1544,746,302,23,206,0,0,0,0,0,0,0,0,0,0,0,0,0,0,0,0,0
575,0,143,2765,1,556,712,7763,494,1791,3985,129,130,0,0,0,0,0,0,0,0,0,0,0,0,0,0
256,0,804,714,746,1980,816,1367,2829,200,115,3,11,62,1,0,0,0,0,0,0,0,0,0,0,0,0
431,1,712,1796,0,0,0,0,0,0,0,0,0,0,0,0,0,0,0,0,0,0,0,0,0,0,0
453,1,2765,629,29305,1913,39,1791,2347,712,7242,4383,1772,375,271,675,2608,712,1,1,1704,0,0,0,0,0,0
394,0,192,46,746,0,0,0,0,0,0,0,0,0,0,0,0,0,0,0,0,0,0,0,0,0,0
222,0,746,302,130,2376,919,3,1,333,2067,302,0,0,0,0,0,0,0,0,0,0,0,0,0,0,0
482,1,712,44081,53,117,33,4,65,517,5,3192,16133,380,6498,4869,712,0,0,0,0,0,0,0,0,0,0
432,1,7763,712,9446,19220,1475,1179,1113,318,147,130,14,441,696,1,712,0,0,0,0,0,0,0,0,0,0
572,0,712,2,76,825,3848,7386,1655,10355,808,661,224,1519,0,0,0,0,0,0,0,0,0,0,0,0,0
324,0,2,99,746,3033,15990,45,18935,302,3876,103,2,1204,4621,0,0,0,0,0,0,0,0,0,0,0,0
518,1,40861,424,1946,349,7763,712,1,1,174,969,14,441,696,1,0,0,0,0,0,0,0,0,0,0,0
9,1,2765,1,488,2,20,746,1664,155,5096,2,2925,63,43711,2182,89,3121,1251,0,0,0,0,0,0,0,0
249,0,136,6387,2022,1,155,837,749,92,746,678,587,26,2980,2127,415,0,0,0,0,0,0,0,0,0,0
22,1,147,4293,3463,1,746,241,5,117,2170,1047,1,1,0,0,0,0,0,0,0,0,0,0,0,0,0
356,0,2765,1,556,746,3,399,113,272,39,93635,13856,92,2,26,173,3984,8452,28,146,499,313,0,0,0,0
221,0,1,746,2,5,373,222,39,157,2,24,198,21814,28,65,735,335,119,0,0,0,0,0,0,0,0
588,0,712,100,931,112,6488,11365,0,0,0,0,0,0,0,0,0,0,0,0,0,0,0,0,0,0,0
750,0,204,746,4216,2641,14,441,696,1,95965,888,8579,0,0,0,0,0,0,0,0,0,0,0,0,0,0
856,0,81,30,28,154,50,612,242,22,277,0,0,0,0,0,0,0,0,0,0,0,0,0,0,0,0
516,1,712,1,334,1233,746,1,186,0,0,0,0,0,0,0,0,0,0,0,0,0,0,0,0,0,0
340,0,51,39,1,1027,415,10155,157,101,2,7,655,3485,3349,43,746,1103,8,474,14627,0,0,0,0,0,0
728,0,3403,696,4564,2641,571,1614,1,888,300,135,14,441,696,1,0,0,0,0,0,0,0,0,0,0,0
506,1,2,65,39,44081,157,712,4869,0,0,0,0,0,0,0,0,0,0,0,0,0,0,0,0,0,0
203,0,7763,4349,302,1,2895,2380,1219,17564,1620,1,1,4349,746,14,441,696,1,0,0,0,0,0,0,0,0
237,0,1535,746,93635,193,419,499,561,8896,654,548,60,3485,1598,38,6713,183,1,5,27,0,0,0,0,0,0
93,1,2,1451,746,14,441,696,1,0,0,0,0,0,0,0,0,0,0,0,0,0,0,0,0,0,0
464,1,1679,495,596,1690,4869,712,0,0,0,0,0,0,0,0,0,0,0,0,0,0,0,0,0,0,0
420,1,712,4869,111,530,1196,7763,28738,0,0,0,0,0,0,0,0,0,0,0,0,0,0,0,0,0,0
547,1,404,302,1576,2,20,7763,28738,6555,53,58,87,495,596,1690,53,968,14,441,696,1,712,0,0,0,0
284,0,1,746,1,980,1273,131,7016,6707,73588,5,60,109,131,0,0,0,0,0,0,0,0,0,0,0,0
184,0,2,99,746,408,243,24351,1885,2941,0,0,0,0,0,0,0,0,0,0,0,0,0,0,0,0,0
704,0,1996,1,1,2344,1,1,2642,55,2641,1511,6387,47822,283,3512,2980,5,1389,1511,5553,123,0,0,0,0,0
824,0,1,141,100,1178,50,8635,593,356,4627,433,0,0,0,0,0,0,0,0,0,0,0,0,0,0,0
153,0,1,746,81,1082,2,6,567,313,1,4,3063,1,2,574,1082,2577,0,0,0,0,0,0,0,0,0
75,1,2621,93635,104,126,1602,10842,177,64,404,746,302,2507,37,5628,0,0,0,0,0,0,0,0,0,0,0
643,1,3968,1811,108,9,585,67468,2650,5974,55,9183,11491,2641,43964,2376,2642,0,0,0,0,0,0,0,0,0,0
538,1,39,6555,28738,1829,99755,2101,7205,2347,1,28738,7763,712,4869,85,162,1,0,0,0,0,0,0,0,0,0
277,0,2,7,4085,746,17,1855,7690,302,111,3149,302,111,960,54,1273,487,21437,0,0,0,0,0,0,0,0
68,1,75671,8386,3,302,471,564,92,1343,894,5045,1843,111,8,1825,746,0,0,0,0,0,0,0,0,0,0
552,1,39,6555,28738,1829,99755,43619,46845,3674,5998,18026,2106,7763,712,4869,85,162,1,0,0,0,0,0,0,0,0
188,0,22,67,20,732,12081,746,1884,678,619,67,10,127,27,0,0,0,0,0,0,0,0,0,0,0,0
271,0,1,25,1702,746,2050,5471,415,71,0,0,0,0,0,0,0,0,0,0,0,0,0,0,0,0,0
649,1,124,712,928,14,441,696,1,675,1,9,2195,2641,1,7837,371,0,0,0,0,0,0,0,0,0,0
543,1,2,12,47264,3683,21269,157,1,712,0,0,0,0,0,0,0,0,0,0,0,0,0,0,0,0,0
236,0,74,746,3445,130,10113,14353,1239,2277,1560,15172,888,28,6124,0,0,0,0,0,0,0,0,0,0,0,0
88,1,12,39,1,746,2772,69,2,20,33,4,5,9,1554,1,131,672,95,3,71,25,3,746,0,0,0
741,0,2641,4497,190,1282,1,30657,1178,14,441,696,1,0,0,0,0,0,0,0,0,0,0,0,0,0,0
117,1,746,13827,2074,233,5,436,146,733,5,3,240,321,43711,1,0,0,0,0,0,0,0,0,0,0,0
125,1,2,384,1,51,456,6123,128,746,0,0,0,0,0,0,0,0,0,0,0,0,0,0,0,0,0
716,0,81,120,5,1188,2641,28,830,157,2641,2257,2214,3,2214,931,1672,157,0,0,0,0,0,0,0,0,0
289,0,2,686,1,302,288,415,3241,302,746,0,0,0,0,0,0,0,0,0,0,0,0,0,0,0,0
238,0,556,746,257,26954,99120,1471,2364,1,302,262,1,1462,184,1971,2507,1,0,0,0,0,0,0,0,0,0
0,1,101,746,5,1,302,1325,302,0,0,0,0,0,0,0,0,0,0,0,0,0,0,0,0,0,0
863,0,37,470,148,126,184,160,585,50,1,0,0,0,0,0,0,0,0,0,0,0,0,0,0,0,0
447,1,4869,712,3494,3625,12684,2621,455,6555,28738,497,13200,69,235,11517,14,441,696,1,1,0,0,0,0,0,0
760,0,2641,13616,9152,6296,1779,207,1811,288,675,67296,0,0,0,0,0,0,0,0,0,0,0,0,0,0,0
395,1,2130,323,644,77,2,1372,712,2505,11460,1648,4962,3109,0,0,0,0,0,0,0,0,0,0,0,0,0
519,1,58,174,1185,3652,1028,1185,689,375,100,5091,244,497,42,1010,1,530,712,0,0,0,0,0,0,0,0
126,1,746,43,516,14,441,696,1,0,0,0,0,0,0,0,0,0,0,0,0,0,0,0,0,0,0
278,0,714,154,400,109,157,1117,22,478,220,746,2413,0,0,0,0,0,0,0,0,0,0,0,0,0,0
676,0,1550,8051,7762,204,516,910,14,441,696,1,8051,2641,1791,0,0,0,0,0,0,0,0,0,0,0,0
116,1,2,811,12,302,1,113,1948,746,0,0,0,0,0,0,0,0,0,0,0,0,0,0,0,0,0
228,0,1,1,308,746,259,90119,43711,74,19176,55,13887,3,88,0,0,0,0,0,0,0,0,0,0,0,0
635,1,1,1722,2894,21780,153,1,1,4589,2641,14,441,696,1,0,0,0,0,0,0,0,0,0,0,0,0
730,0,2641,37,4,1171,1681,2466,1517,173,2642,18191,1,7355,0,0,0,0,0,0,0,0,0,0,0,0,0
485,1,712,3,28738,31,132,41,117,0,0,0,0,0,0,0,0,0,0,0,0,0,0,0,0,0,0
500,1,2402,496,24,1,1,738,1,157,712,7763,0,0,0,0,0,0,0,0,0,0,0,0,0,0,0
274,0,812,11,746,23986,693,6327,40,43711,133,7787,0,0,0,0,0,0,0,0,0,0,0,0,0,0,0
318,0,2113,3293,1008,2022,746,42,209,1245,10,5255,126,1245,1148,0,0,0,0,0,0,0,0,0,0,0,0
593,0,712,83,41,40,9,695,93635,4869,1,712,14,441,696,1,0,0,0,0,0,0,0,0,0,0,0
144,0,2765,1,1,848,302,1,10358,1890,2320,11214,1010,14,441,696,1,746,1,0,0,0,0,0,0,0,0
621,1,188,2641,915,343,74,120,46,915,11,717,14,441,696,1,58,0,0,0,0,0,0,0,0,0,0
722,0,2,76,23,572,302,1,3,151,37,1672,157,393,3,176,2641,199,0,0,0,0,0,0,0,0,0
793,1,189,2,7,3414,50,1663,610,691,1050,2808,279,676,636,1897,1457,167,0,0,0,0,0,0,0,0,0
629,1,200,2641,1884,353,710,13647,14,441,696,1,675,1,0,0,0,0,0,0,0,0,0,0,0,0,0
369,0,1,746,43711,10,636,317,17,275,816,4,2647,274,2,7,986,302,1,0,0,0,0,0,0,0,0
268,0,659,746,960,9,2996,118,1161,252,335,1007,302,594,470,8040,0,0,0,0,0,0,0,0,0,0,0
658,1,95,9,22,1992,2641,0,0,0,0,0,0,0,0,0,0,0,0,0,0,0,0,0,0,0,0
307,0,852,1156,1273,2941,899,242,288,302,111,93635,193,319,426,16110,302,746,0,0,0,0,0,0,0,0,0
423,1,495,596,1690,224,8996,5486,13543,1576,712,4869,14,441,696,1,0,0,0,0,0,0,0,0,0,0,0
310,0,746,1,1,34512,38,414,606,3095,23161,4424,130,516,0,0,0,0,0,0,0,0,0,0,0,0,0
354,0,556,746,1654,2,4134,2953,886,1171,28,548,311,571,1,0,0,0,0,0,0,0,0,0,0,0,0
46,1,1,502,5195,10,11,5628,244,1602,746,0,0,0,0,0,0,0,0,0,0,0,0,0,0,0,0
349,0,43,746,39,5365,5167,2,845,1973,3445,2,2322,6394,4484,3010,0,0,0,0,0,0,0,0,0,0,0
371,0,40,746,153,2304,39,10944,1,655,89,54,302,1010,142,1232,112,4,10,0,0,0,0,0,0,0,0
809,1,2,11,50,0,0,0,0,0,0,0,0,0,0,0,0,0,0,0,0,0,0,0,0,0,0
261,0,1,78,4,676,746,389,64577,0,0,0,0,0,0,0,0,0,0,0,0,0,0,0,0,0,0
195,0,110,746,224,267,6222,97049,248,4983,5298,5321,51,1,3148,54,1,331,11828,12203,2531,0,0,0,0,0,0
872,0,2765,1,50,1155,105,106,54,8635,669,348,6,21,244,460,661,661,0,0,0,0,0,0,0,0,0
788,1,556,50,2,277,26,15,313,313,450,0,0,0,0,0,0,0,0,0,0,0,0,0,0,0,0
107,1,86,123,746,567,1899,157,1,2,105,24201,1325,1010,43,746,0,0,0,0,0,0,0,0,0,0,0
59,1,2703,794,112,111,135,746,6532,49,302,9705,1,302,23055,193,9705,5096,14,441,696,1,0,0,0,0,0
831,0,27,413,23,2765,3,57,50,140,602,697,404,1081,1024,404,7847,3449,0,0,0,0,0,0,0,0,0
803,1,2765,1,46,1746,6,21,5670,460,50,499,465,78,2622,9,0,0,0,0,0,0,0,0,0,0,0
100,1,113,1948,746,567,2260,6475,14,441,696,1,0,0,0,0,0,0,0,0,0,0,0,0,0,0,0
443,1,12,712,0,0,0,0,0,0,0,0,0,0,0,0,0,0,0,0,0,0,0,0,0,0,0
594,0,2765,1,380,6498,44081,1746,19,380,712,1,3719,0,0,0,0,0,0,0,0,0,0,0,0,0,0
783,1,235,231,12,50,311,6,951,238,11,2452,245,1822,0,0,0,0,0,0,0,0,0,0,0,0,0
682,0,285,201,11,347,3463,8,156,2641,156,57,65,421,0,0,0,0,0,0,0,0,0,0,0,0,0
169,0,110,746,2,1,302,4,1244,170,17317,543,2131,3,340,1,0,0,0,0,0,0,0,0,0,0,0
179,0,746,1,1,5801,2537,1244,33,4,126,0,0,0,0,0,0,0,0,0,0,0,0,0,0,0,0
304,0,3793,2,367,302,1,1278,43711,899,1702,1655,746,0,0,0,0,0,0,0,0,0,0,0,0,0,0
494,1,6555,28738,712,4869,7763,368,652,14,441,696,1,0,0,0,0,0,0,0,0,0,0,0,0,0,0
57,1,2,12,746,816,54,780,1325,9226,2,6,496,780,2,366,0,0,0,0,0,0,0,0,0,0,0
841,0,1,90,311,259,50,332,3121,547,0,0,0,0,0,0,0,0,0,0,0,0,0,0,0,0,0
149,0,2153,1,9643,1519,37134,1541,746,276,163,362,0,0,0,0,0,0,0,0,0,0,0,0,0,0,0
124,1,2765,1,746,43,516,14,441,696,1,0,0,0,0,0,0,0,0,0,0,0,0,0,0,0,0
688,0,3062,1,88,2512,1,93413,255,2641,3,1358,78,569,560,3619,14,441,696,1,0,0,0,0,0,0,0
757,0,712,6,6,1684,1408,899,129,17,242,778,2465,1884,10988,2641,1027,2714,0,0,0,0,0,0,0,0,0
185,0,746,302,1458,1875,0,0,0,0,0,0,0,0,0,0,0,0,0,0,0,0,0,0,0,0,0
582,0,213,712,433,1,433,1,3,1,4715,1095,8990,1510,6268,0,0,0,0,0,0,0,0,0,0,0,0
50,1,818,5,58,1980,816,746,567,50283,1087,0,0,0,0,0,0,0,0,0,0,0,0,0,0,0,0
341,0,124,1,230,127,719,547,746,0,0,0,0,0,0,0,0,0,0,0,0,0,0,0,0,0,0
446,1,27,712,3,1,39,7885,157,1181,3739,201,1925,3031,0,0,0,0,0,0,0,0,0,0,0,0,0
861,0,2,99,50,0,0,0,0,0,0,0,0,0,0,0,0,0,0,0,0,0,0,0,0,0,0
708,0,556,2641,2,390,1672,288,1258,818,10217,230,288,111,193,1293,35679,0,0,0,0,0,0,0,0,0,0
321,0,73,746,71,101,1462,1,66,4111,566,153,0,0,0,0,0,0,0,0,0,0,0,0,0,0,0
353,0,866,746,288,3830,0,0,0,0,0,0,0,0,0,0,0,0,0,0,0,0,0,0,0,0,0
807,1,92,628,37,169,32,50,695,11601,0,0,0,0,0,0,0,0,0,0,0,0,0,0,0,0,0
142,0,746,1,415,14654,7690,1665,2642,357,17,0,0,0,0,0,0,0,0,0,0,0,0,0,0,0,0
470,1,51,39,712,28738,540,174,14,441,696,1,28738,712,4869,1,0,0,0,0,0,0,0,0,0,0,0
370,0,1,2765,1,87,12900,928,5063,18202,1681,824,9,19122,1,746,0,0,0,0,0,0,0,0,0,0,0
570,0,2765,1,556,712,7763,494,1791,3985,129,130,0,0,0,0,0,0,0,0,0,0,0,0,0,0,0
141,0,2,40,2942,5030,746,567,2,65,2648,746,0,0,0,0,0,0,0,0,0,0,0,0,0,0,0
399,1,122,1442,706,5,712,706,296,14,441,696,1,0,0,0,0,0,0,0,0,0,0,0,0,0,0
493,1,4869,111,530,495,596,1690,28,13543,7961,1347,53,14071,1,12056,712,0,0,0,0,0,0,0,0,0,0
263,0,556,746,5,231,6,330,80,115,5837,793,2642,685,2642,313,1644,697,0,0,0,0,0,0,0,0,0
320,0,81,211,2,371,6957,746,451,5920,328,804,714,587,394,101,58,1980,816,133,0,0,0,0,0,0,0
19,1,321,39,746,93635,193,1556,14,441,696,1,0,0,0,0,0,0,0,0,0,0,0,0,0,0,0
172,0,1,746,1,95,3,588,823,619,957,5,39,2642,1627,4954,0,0,0,0,0,0,0,0,0,0,0
709,0,334,8753,8,1681,2641,7388,414,12239,425,10,223,77,813,27548,1,0,0,0,0,0,0,0,0,0,0
692,0,2214,421,346,2641,281,0,0,0,0,0,0,0,0,0,0,0,0,0,0,0,0,0,0,0,0
407,1,1588,8,25,3,495,596,1690,8,712,4869,0,0,0,0,0,0,0,0,0,0,0,0,0,0,0
545,1,487,257,2,37,89,2320,540,6454,284,14855,2166,8,2,712,302,0,0,0,0,0,0,0,0,0,0
38,1,305,746,1899,889,1,113,746,0,0,0,0,0,0,0,0,0,0,0,0,0,0,0,0,0,0
175,0,2765,1,45,277,746,151,313,302,193,1225,187,1793,14,441,696,1,675,1,0,0,0,0,0,0,0
245,0,2765,1,7941,746,1273,39,1,550,27,0,0,0,0,0,0,0,0,0,0,0,0,0,0,0,0
734,0,8668,320,387,1019,140,415,1973,118,19,259,243,2641,0,0,0,0,0,0,0,0,0,0,0,0,0
589,0,7763,712,23040,157,14,441,696,1,0,0,0,0,0,0,0,0,0,0,0,0,0,0,0,0,0
853,0,2765,1,8635,2261,50,612,10,1298,109,124,134,426,433,2765,65658,0,0,0,0,0,0,0,0,0,0
774,1,1,260,26,50,430,0,0,0,0,0,0,0,0,0,0,0,0,0,0,0,0,0,0,0,0
154,0,487,2,811,372,2111,746,175,74581,2642,0,0,0,0,0,0,0,0,0,0,0,0,0,0,0,0
287,0,746,288,1408,17,72,1530,3485,222,51,39,1,1811,190,221,43,0,0,0,0,0,0,0,0,0,0
528,1,39,6555,28738,1829,5715,99755,761,2882,11074,3937,28738,7763,712,4869,85,162,1,0,0,0,0,0,0,0,0
17,1,746,9,1,0,0,0,0,0,0,0,0,0,0,0,0,0,0,0,0,0,0,0,0,0,0
127,1,410,108,235,1185,21,43,746,0,0,0,0,0,0,0,0,0,0,0,0,0,0,0,0,0,0
322,0,746,160,3,585,1,2871,288,1,1530,126,408,1458,594,764,1,0,0,0,0,0,0,0,0,0,0
255,0,64364,1,556,746,5,231,6,330,80,115,5837,793,2642,685,2642,313,1644,697,1,0,0,0,0,0,0
579,0,133,5351,2563,712,7763,1791,2547,0,0,0,0,0,0,0,0,0,0,0,0,0,0,0,0,0,0
839,0,1,192,410,2,20,50,236,40,192,23950,0,0,0,0,0,0,0,0,0,0,0,0,0,0,0
190,0,1,746,1,1963,1,1963,18202,224,3878,23659,2423,1,20,0,0,0,0,0,0,0,0,0,0,0,0
115,1,191,5,302,1,43,746,346,7062,8423,1158,0,0,0,0,0,0,0,0,0,0,0,0,0,0,0
541,1,39,3837,931,6167,6821,96643,304,12719,2079,22,712,4869,44081,0,0,0,0,0,0,0,0,0,0,0,0
180,0,746,302,1273,1341,415,0,0,0,0,0,0,0,0,0,0,0,0,0,0,0,0,0,0,0,0
301,0,902,746,2648,1,230,223,902,8,1299,902,6159,594,46,28,3399,3038,2682,0,0,0,0,0,0,0,0
666,0,288,2641,1,1,7391,40773,1055,10216,2641,11519,74,1032,270,14,441,696,1,0,0,0,0,0,0,0,0
625,1,184,3814,10,789,14,441,696,1,1,1,2641,0,0,0,0,0,0,0,0,0,0,0,0,0,0
636,1,110,733,382,19,296,2347,2641,153,142,287,803,463,174,283,5296,14,441,696,1,0,0,0,0,0,0
603,1,294,15,1954,1384,992,2641,1697,1,5782,0,0,0,0,0,0,0,0,0,0,0,0,0,0,0,0
583,0,308,40,156,1273,131,7250,1,25,33,4,9,398,712,4869,44081,0,0,0,0,0,0,0,0,0,0
517,1,2,12,495,596,1690,4869,712,7763,0,0,0,0,0,0,0,0,0,0,0,0,0,0,0,0,0
857,0,54,791,3,36,81,1419,223,192,50,0,0,0,0,0,0,0,0,0,0,0,0,0,0,0,0
45,1,113,746,54,39,2404,1,58,395,316,0,0,0,0,0,0,0,0,0,0,0,0,0,0,0,0
791,1,285,1410,1698,327,50,673,74,26889,0,0,0,0,0,0,0,0,0,0,0,0,0,0,0,0,0
157,0,12,746,6276,111,109,2,3709,10717,1,1,1,1,0,0,0,0,0,0,0,0,0,0,0,0,0
652,1,22,324,816,3341,1602,2,12,2641,14,441,696,1,0,0,0,0,0,0,0,0,0,0,0,0,0
171,0,4640,128,198,5582,991,34761,5870,402,141,2632,3598,899,74,4,6994,143,38,8,222,7062,746,1549,8,0,0
16,1,43,746,29078,763,1,1899,1691,2022,11076,1,294,216,15,6441,0,0,0,0,0,0,0,0,0,0,0
511,1,4869,7768,4321,1185,1241,1471,195,177,152,712,44081,0,0,0,0,0,0,0,0,0,0,0,0,0,0
48,1,746,12,39,1,1462,302,0,0,0,0,0,0,0,0,0,0,0,0,0,0,0,0,0,0,0
845,0,50,370,2935,1,24715,1,0,0,0,0,0,0,0,0,0,0,0,0,0,0,0,0,0,0,0
733,0,2,61,1,2641,67,4079,414,2440,14,441,696,1,0,0,0,0,0,0,0,0,0,0,0,0,0
515,1,100,931,44081,53,998,404,1181,712,9,1,775,1517,28,1553,39,1576,1113,0,0,0,0,0,0,0,0
604,1,425,48,22,1096,2765,1,2641,64817,2101,7003,2642,1,1848,112,323,14,441,696,1,0,0,0,0,0,0
480,1,43,7763,712,2,7,1693,495,596,1690,1,712,7763,0,0,0,0,0,0,0,0,0,0,0,0,0
283,0,746,3317,415,419,38,957,223,366,588,567,1373,40,1533,111,1010,46,6262,1980,816,415,0,0,0,0,0
703,0,2,1841,454,12,746,1,191,982,5896,3109,1583,173,2641,4432,519,519,0,0,0,0,0,0,0,0,0
225,0,110,746,4105,424,561,1060,311,108,2,7,2604,0,0,0,0,0,0,0,0,0,0,0,0,0,0
26,1,50,10117,585,746,1,7939,88,93635,39933,4563,14,441,696,1,0,0,0,0,0,0,0,0,0,0,0
684,0,597,2641,216,1300,125,4601,2642,101,5078,1,146,4601,24702,2642,2631,7386,2642,0,0,0,0,0,0,0,0
437,1,1,16,1694,683,1694,4869,1,141,249,27,78,712,1156,195,40357,1179,1829,1239,0,0,0,0,0,0,0
827,0,319,50,1110,19,8635,216,171,4,23,242,708,0,0,0,0,0,0,0,0,0,0,0,0,0,0
364,0,3944,302,1517,21400,1978,2101,236,931,3,1578,14,441,696,1,1,746,1,0,0,0,0,0,0,0,0
229,0,160,746,20,28,43711,334,14095,1655,1509,43711,7062,7921,6944,0,0,0,0,0,0,0,0,0,0,0,0
37,1,27,289,746,567,462,146,65,252,1,0,0,0,0,0,0,0,0,0,0,0,0,0,0,0,0
840,0,50,5,6409,1756,10213,499,2248,5,964,2,1897,1,2455,66006,924,51052,0,0,0,0,0,0,0,0,0
374,0,2883,6277,1,746,1416,1449,35409,87,11469,4,103,140,16,43711,14,441,696,1,0,0,0,0,0,0,0
469,1,43711,4869,3494,2,1899,302,746,2043,712,0,0,0,0,0,0,0,0,0,0,0,0,0,0,0,0
842,0,50,1,0,0,0,0,0,0,0,0,0,0,0,0,0,0,0,0,0,0,0,0,0,0,0
742,0,2641,4497,190,1282,1,30657,1178,14,441,696,1,0,0,0,0,0,0,0,0,0,0,0,0,0,0
638,1,2641,84,6079,1473,1,1019,623,3739,53,5725,14,441,696,1,0,0,0,0,0,0,0,0,0,0,0
194,0,746,746,22,79,2,3054,2108,19477,210,615,73,67118,67118,14,441,696,1,0,0,0,0,0,0,0,0
744,0,1,25570,2080,9175,2586,281,1,547,104,6222,1,18201,2641,0,0,0,0,0,0,0,0,0,0,0,0
753,0,2641,4497,190,1282,1,30657,1178,51,1293,2317,14,441,696,1,0,0,0,0,0,0,0,0,0,0,0
503,1,1746,383,54,439,5514,186,69,101,712,7763,0,0,0,0,0,0,0,0,0,0,0,0,0,0,0
844,0,2765,1,50,40,5,311,549,337,1419,2,7,5,2765,3,32541,0,0,0,0,0,0,0,0,0,0
780,1,2,2494,5,311,18,410,3144,50,0,0,0,0,0,0,0,0,0,0,0,0,0,0,0,0,0
843,0,50,105,1674,8635,836,0,0,0,0,0,0,0,0,0,0,0,0,0,0,0,0,0,0,0,0
162,0,81,721,746,237,5926,2426,4105,39,288,1,4962,140,3530,424,160,10166,0,0,0,0,0,0,0,0,0
617,1,2641,1602,2641,1202,1403,296,1681,2622,2647,1,1,14,441,696,1,1,0,0,0,0,0,0,0,0,0
152,0,185,746,257,51,277,382,46,1135,248,54,252,46,23146,0,0,0,0,0,0,0,0,0,0,0,0
599,1,1,5,2641,30846,21,13543,55777,2221,1,84954,14,441,696,1,675,1,0,0,0,0,0,0,0,0,0
616,1,110,733,382,19,296,2347,2641,153,142,287,803,463,174,283,5296,14,441,696,1,0,0,0,0,0,0
662,1,200,4869,11342,180,1155,1155,1155,1155,156,6,15823,2641,3204,1793,100,1577,3565,2547,0,0,0,0,0,0,0
111,1,113,746,28,1,38,35,11,39,39,93635,193,0,0,0,0,0,0,0,0,0,0,0,0,0,0
226,0,171,119,282,1980,816,746,160,259,746,567,222,38,1043,14,441,696,1,0,0,0,0,0,0,0,0
605,1,2641,1923,915,5779,1672,387,104,1010,2642,14,441,696,1,0,0,0,0,0,0,0,0,0,0,0,0
103,1,154,58,1309,4590,536,15,3,1124,1293,13258,12878,746,4961,1900,14,441,696,1,0,0,0,0,0,0,0
421,1,182,9417,80,5578,70,712,960,8755,2802,18217,14,441,696,1,1,0,0,0,0,0,0,0,0,0,0
419,1,556,712,2,24,6555,28738,101,130,267,465,155,2,19,2622,0,0,0,0,0,0,0,0,0,0,0
586,0,1791,415,712,7763,0,0,0,0,0,0,0,0,0,0,0,0,0,0,0,0,0,0,0,0,0
119,1,1390,39,5286,2186,456,543,1,191,43,746,3,19793,580,1632,1,0,0,0,0,0,0,0,0,0,0
53,1,39,1691,137,746,0,0,0,0,0,0,0,0,0,0,0,0,0,0,0,0,0,0,0,0,0
151,0,45,746,1948,1774,201,15288,3,591,3660,1,1,5,516,130,0,0,0,0,0,0,0,0,0,0,0
403,1,200,39,712,28738,272,334,83,41,5360,712,3,1503,623,1623,157,1503,0,0,0,0,0,0,0,0,0
823,0,722,97,208,11,1555,2623,3203,1655,97,1835,50,3477,0,0,0,0,0,0,0,0,0,0,0,0,0
207,0,1,389,746,1519,1,1863,13145,1503,0,0,0,0,0,0,0,0,0,0,0,0,0,0,0,0,0
736,0,1,1,5528,2641,28404,4409,57650,3390,11291,1031,2641,0,0,0,0,0,0,0,0,0,0,0,0,0,0
668,0,204,746,4216,2641,14,441,696,1,0,0,0,0,0,0,0,0,0,0,0,0,0,0,0,0,0
8,1,69,2037,249,746,56,146,18,0,0,0,0,0,0,0,0,0,0,0,0,0,0,0,0,0,0
707,0,2765,5072,16750,2,7,8,1593,155,1473,174,5441,8432,184,64,12620,2484,425,2,176,5,21,1,0,0,0
36,1,4676,746,0,0,0,0,0,0,0,0,0,0,0,0,0,0,0,0,0,0,0,0,0,0,0
452,1,712,58,743,888,2,20,81,51,5479,31,25146,13856,4392,14,441,696,1,0,0,0,0,0,0,0,0
253,0,746,3448,816,2074,1794,215,4,198,746,0,0,0,0,0,0,0,0,0,0,0,0,0,0,0,0
303,0,746,81,2,6,2260,4058,567,140,2,74,65,111,109,5,1,13073,55,2,7,21,956,2030,0,0,0
712,0,2641,3097,1473,174,10280,612,463,17710,1178,8432,14,441,696,1,0,0,0,0,0,0,0,0,0,0,0
571,0,51,11413,7763,6555,28738,157,193,530,7483,761,44081,7763,1,1,4869,712,0,0,0,0,0,0,0,0,0
623,1,154,4992,2641,1,1486,1001,693,18659,2642,1196,228,323,14,441,696,1,0,0,0,0,0,0,0,0,0
735,0,31,99,2641,59834,464,0,0,0,0,0,0,0,0,0,0,0,0,0,0,0,0,0,0,0,0
262,0,81,1,37,4,10,746,0,0,0,0,0,0,0,0,0,0,0,0,0,0,0,0,0,0,0
610,1,2641,11018,1202,296,1672,157,393,3494,2641,1,14,441,696,1,2641,0,0,0,0,0,0,0,0,0,0
297,0,1276,746,93635,193,2,33,4,643,504,2,7,264,716,5,433,582,1509,3690,0,0,0,0,0,0,0
414,1,2765,1,556,712,2,24,6555,28738,101,130,267,465,155,2,19,2622,0,0,0,0,0,0,0,0,0
150,0,277,46,746,331,203,141,1419,9591,26269,0,0,0,0,0,0,0,0,0,0,0,0,0,0,0,0
720,0,2,128,134,415,1131,4133,2641,0,0,0,0,0,0,0,0,0,0,0,0,0,0,0,0,0,0
773,1,290,2,35,1764,1702,238,237,460,50,1118,263,1348,92,153,0,0,0,0,0,0,0,0,0,0,0
550,1,44081,6555,28738,3724,33006,1010,5998,16902,712,4869,44081,0,0,0,0,0,0,0,0,0,0,0,0,0,0
488,1,45,90,2,7,2,24,22,712,31,58,249,44081,0,0,0,0,0,0,0,0,0,0,0,0,0
147,0,7698,43711,368,3580,59,477,1977,4,1,610,1138,2635,746,0,0,0,0,0,0,0,0,0,0,0,0
146,0,51,22,302,1556,37,26,242,746,129,105,25,13060,324,1185,571,1416,165,193,1156,288,26,0,0,0,0
633,1,2641,1836,105,1,53,11,1417,6469,1417,862,14,441,696,1,0,0,0,0,0,0,0,0,0,0,0
810,1,184,50,311,292,5408,2,4,311,8,756,172,50,0,0,0,0,0,0,0,0,0,0,0,0,0
677,0,204,746,4216,2641,14,441,696,1,8579,0,0,0,0,0,0,0,0,0,0,0,0,0,0,0,0
348,0,2,119,2322,154,746,2074,403,131,2,211,1948,6532,277,551,276,46,1419,9064,203,410,0,0,0,0,0
463,1,2,7,159,495,596,1690,44081,28738,712,4869,1,14,441,696,1,1,4869,0,0,0,0,0,0,0,0
325,0,1,746,275,1306,746,7261,216,1148,2,189,2,181,40,14559,2648,895,92,4,2,4,0,0,0,0,0
186,0,746,61,2,74,478,323,8,135,502,39,3837,2423,302,257,4,39,93635,516,165,0,0,0,0,0,0
123,1,117,816,746,567,1019,43,991,0,0,0,0,0,0,0,0,0,0,0,0,0,0,0,0,0,0
743,0,1347,10944,1471,1135,46,864,46,4,1135,1471,4,847,5969,722,2641,1055,0,0,0,0,0,0,0,0,0
608,1,117,1,300,3406,3478,46271,2641,191,5,1389,0,0,0,0,0,0,0,0,0,0,0,0,0,0,0
143,0,9,1241,746,277,3445,1109,14,441,696,1,628,0,0,0,0,0,0,0,0,0,0,0,0,0,0
834,0,30,83,41,40,50,5,433,516,1753,0,0,0,0,0,0,0,0,0,0,0,0,0,0,0,0
197,0,722,746,5768,540,39,1763,3394,16,288,168,1517,1082,567,78,16,31,20,44,196,882,31,0,0,0,0
609,1,2641,11018,1202,296,1672,157,393,3494,2641,1,2641,3,4961,567,5151,14,441,696,1,0,0,0,0,0,0
279,0,136,746,1811,288,302,66,9395,114,788,0,0,0,0,0,0,0,0,0,0,0,0,0,0,0,0
293,0,1,746,19,899,1,1757,167,0,0,0,0,0,0,0,0,0,0,0,0,0,0,0,0,0,0
400,1,4869,44081,53,177,9,133,470,148,658,111,530,1,9597,712,0,0,0,0,0,0,0,0,0,0,0
122,1,1,288,3708,746,43,678,0,0,0,0,0,0,0,0,0,0,0,0,0,0,0,0,0,0,0
183,0,746,39,601,916,2642,2813,6871,811,1037,38868,4341,21217,1169,504,238,0,0,0,0,0,0,0,0,0,0
202,0,192,746,14870,78,157,0,0,0,0,0,0,0,0,0,0,0,0,0,0,0,0,0,0,0,0
438,1,1,1,712,149,20,985,0,0,0,0,0,0,0,0,0,0,0,0,0,0,0,0,0,0,0
246,0,746,275,24,19,1980,20,118,267,288,1,2642,986,2129,673,5048,507,2907,0,0,0,0,0,0,0,0
415,1,2765,1,18915,1178,178,7756,460,738,1576,1180,50,712,14,441,0,0,0,0,0,0,0,0,0,0,0
772,1,1,372,28,8490,55,141,127,672,245,50,8490,6,59,115,60,11,328,0,0,0,0,0,0,0,0
129,1,746,330,131,0,0,0,0,0,0,0,0,0,0,0,0,0,0,0,0,0,0,0,0,0,0
637,1,64364,1,202,39,2641,21027,1857,14,441,696,1,29207,330,238,1,6,1,0,0,0,0,0,0,0,0
402,1,2765,1,4869,111,530,495,596,1690,435,712,28738,39,1,14,441,696,1,4869,712,28738,1,0,0,0,0
828,0,2765,1,27,413,23,2765,3,57,50,140,602,697,404,1081,5749,14,441,696,1,0,0,0,0,0,0
675,0,2,150,84,1672,387,3478,2525,9,5658,80,3505,71,65,1904,2641,1,0,0,0,0,0,0,0,0,0
794,1,1,22,31,9,79,50,100,1766,11258,94,1410,580,184,970,5975,0,0,0,0,0,0,0,0,0,0
219,0,1130,1517,10,39,10944,746,0,0,0,0,0,0,0,0,0,0,0,0,0,0,0,0,0,0,0
641,1,322,43711,37,695,2542,5471,1,14,441,696,1,1,3204,57371,2641,43711,0,0,0,0,0,0,0,0,0
796,1,2458,91,2,7,501,931,53771,50,313,460,0,0,0,0,0,0,0,0,0,0,0,0,0,0,0
659,1,315,2214,2641,283,147,321,79,549,14,441,696,1,1,0,0,0,0,0,0,0,0,0,0,0,0
799,1,50,1788,8712,11,1,12,50,0,0,0,0,0,0,0,0,0,0,0,0,0,0,0,0,0,0
624,1,7768,2641,2641,1,1836,693,14,441,696,1,0,0,0,0,0,0,0,0,0,0,0,0,0,0,0
732,0,3403,4557,37,508,1,2641,10353,14,441,696,1,2641,830,0,0,0,0,0,0,0,0,0,0,0,0
667,0,2641,1672,3247,3334,12988,415,1,0,0,0,0,0,0,0,0,0,0,0,0,0,0,0,0,0,0
386,0,746,66,43711,28,5783,302,1,1,0,0,0,0,0,0,0,0,0,0,0,0,0,0,0,0,0
846,0,257,1,124,50,37,45586,245,11682,673,8635,168,11494,0,0,0,0,0,0,0,0,0,0,0,0,0
509,1,185,4869,111,530,12383,1196,101,14,441,696,1,712,0,0,0,0,0,0,0,0,0,0,0,0,0
267,0,746,6994,43711,1655,899,40,10273,58,2074,27450,673,426,899,0,0,0,0,0,0,0,0,0,0,0,0
717,0,277,2641,12,1009,515,1117,296,32714,422,106,3214,8,0,0,0,0,0,0,0,0,0,0,0,0,0
441,1,4869,712,495,596,1690,1556,2250,53,57184,793,380,124,141,1582,2642,244,196,14,441,696,1,1,0,0,0
496,1,2765,1,2402,496,24,1,1,738,1,157,712,7763,0,0,0,0,0,0,0,0,0,0,0,0,0
112,1,1,358,1,41805,1,1,14,441,696,1,746,1229,14,441,696,1,0,0,0,0,0,0,0,0,0
232,0,1529,746,288,281,6925,10,1361,16039,3171,1,271,43,746,2882,2722,6807,15,0,0,0,0,0,0,0,0
758,0,880,2641,39143,415,14,441,696,1,0,0,0,0,0,0,0,0,0,0,0,0,0,0,0,0,0
607,1,2765,1,117,1,300,3406,3478,46271,2641,191,5,1389,0,0,0,0,0,0,0,0,0,0,0,0,0
671,0,2641,1,846,899,674,1829,138,317,393,38,3598,14,441,696,1,0,0,0,0,0,0,0,0,0,0
373,0,1,746,1026,468,9764,2772,2053,2641,746,1130,0,0,0,0,0,0,0,0,0,0,0,0,0,0,0
855,0,533,50,908,1032,23,97,5,9816,0,0,0,0,0,0,0,0,0,0,0,0,0,0,0,0,0
233,0,746,2,5368,1602,4962,73296,3,1020,121,73296,1065,328,39,816,4962,0,0,0,0,0,0,0,0,0,0
687,0,3062,1,88,2512,1,93413,255,2641,3,1358,78,569,560,3619,14,441,696,1,0,0,0,0,0,0,0
317,0,124,47,345,931,32953,746,14,441,696,1,0,0,0,0,0,0,0,0,0,0,0,0,0,0,0
648,1,2641,1229,1,14,441,696,1,534,4059,50151,2622,0,0,0,0,0,0,0,0,0,0,0,0,0,0
410,1,712,191,23040,47,3574,4869,1829,495,596,1690,148,53,9,14,441,696,1,0,0,0,0,0,0,0,0
830,0,50,1111,4,105,2079,856,97,9816,1687,0,0,0,0,0,0,0,0,0,0,0,0,0,0,0,0
358,0,160,259,2765,1,119,2322,154,2423,746,0,0,0,0,0,0,0,0,0,0,0,0,0,0,0,0
258,0,455,29978,408,2108,12789,257,746,119,28,22,1060,1169,277,311,0,0,0,0,0,0,0,0,0,0,0
627,1,147,58,17,1,43,4942,21445,2641,1,0,0,0,0,0,0,0,0,0,0,0,0,0,0,0,0
632,1,2765,1,2641,1836,105,1,53,11,1417,6469,1417,862,14,441,696,1,152,208,0,0,0,0,0,0,0
282,0,746,2,1517,2,288,1808,1,88,2763,95,1735,0,0,0,0,0,0,0,0,0,0,0,0,0,0
376,0,746,43,746,93635,193,3878,1185,0,0,0,0,0,0,0,0,0,0,0,0,0,0,0,0,0,0
384,0,570,746,567,281,11015,1,64,1273,131,10155,1,0,0,0,0,0,0,0,0,0,0,0,0,0,0
224,0,3521,18935,37,414,1,12306,128,198,1543,3521,3521,1543,746,2,24,2205,610,153,0,0,0,0,0,0,0
829,0,2765,1,27,413,23,2765,3,57,50,140,602,697,404,1081,1024,404,7847,3449,0,0,0,0,0,0,0
713,0,1,1,1,120,3,65,23,1096,588,1,96,22,11,2641,1530,1199,1,0,0,0,0,0,0,0,0
472,1,509,126,712,7796,165,2166,7871,2347,5,886,87,669,129,540,712,1185,0,0,0,0,0,0,0,0,0
347,0,746,2,7,37,65,2376,157,3521,0,0,0,0,0,0,0,0,0,0,0,0,0,0,0,0,0
505,1,302,1576,38503,35,75,232,495,596,1690,4869,15,712,746,4869,302,0,0,0,0,0,0,0,0,0,0
639,1,2,792,23488,1826,2641,43,239,1,2641,0,0,0,0,0,0,0,0,0,0,0,0,0,0,0,0
870,0,1,460,50,358,4549,2010,2,132,41,326,0,0,0,0,0,0,0,0,0,0,0,0,0,0,0
808,1,2,12,50,1,0,0,0,0,0,0,0,0,0,0,0,0,0,0,0,0,0,0,0,0,0
787,1,2,3843,50,1,0,0,0,0,0,0,0,0,0,0,0,0,0,0,0,0,0,0,0,0,0
619,1,257,2,12,2641,313,2641,1845,1758,1,5619,3052,1884,14,441,696,1,1,675,1,0,0,0,0,0,0
745,0,450,7003,506,178,3283,311,176,487,2641,1,0,0,0,0,0,0,0,0,0,0,0,0,0,0,0
645,1,2,1233,186,26804,14005,2641,2546,0,0,0,0,0,0,0,0,0,0,0,0,0,0,0,0,0,0
738,0,204,746,4216,2641,14,441,696,1,0,0,0,0,0,0,0,0,0,0,0,0,0,0,0,0,0
556,0,712,31,5302,0,0,0,0,0,0,0,0,0,0,0,0,0,0,0,0,0,0,0,0,0,0
833,0,50,551,30,119,2642,0,0,0,0,0,0,0,0,0,0,0,0,0,0,0,0,0,0,0,0
577,0,143,2765,11606,2100,1134,81,680,1736,7763,712,1,76,23,4497,1,0,0,0,0,0,0,0,0,0,0
85,1,12,184,47,113,746,14,441,696,1,0,0,0,0,0,0,0,0,0,0,0,0,0,0,0,0
242,0,64364,1,2,31,99,805,1102,551,100,746,567,455,9,2074,1980,816,855,1,2881,0,0,0,0,0,0
698,0,2641,147,237,5813,2642,5813,11997,1,0,0,0,0,0,0,0,0,0,0,0,0,0,0,0,0,0
159,0,25,67,58,275,746,67,267,39,157,2645,0,0,0,0,0,0,0,0,0,0,0,0,0,0,0
524,1,631,39,712,4869,111,530,495,596,1690,66,78849,324,71,352,568,51,769,305,0,0,0,0,0,0,0
35,1,1021,626,1726,39,1691,1561,17132,1691,193,135,173,2,44,26,25,92,3,17,2706,746,0,0,0,0,0
540,1,2765,1,1,973,7763,712,0,0,0,0,0,0,0,0,0,0,0,0,0,0,0,0,0,0,0
170,0,1,251,267,1,9432,2470,746,4167,510,1,87,2,65,392,135,157,488,0,0,0,0,0,0,0,0
654,1,185,2641,9175,233,10,43,1431,4532,4887,0,0,0,0,0,0,0,0,0,0,0,0,0,0,0,0
838,0,319,426,1062,3709,50,931,288,3,2,5,13797,33,4,23,931,0,0,0,0,0,0,0,0,0,0
739,0,45,47,2,11907,2641,1529,109,1,288,88,3217,154,587,640,1,330,88,0,0,0,0,0,0,0,0
822,0,2,7,5,391,50,4,465,140,3970,391,2,67,4,103,19,1,0,0,0,0,0,0,0,0,0
95,1,1448,1,117,746,0,0,0,0,0,0,0,0,0,0,0,0,0,0,0,0,0,0,0,0,0
563,0,2,99,18066,1772,712,44081,0,0,0,0,0,0,0,0,0,0,0,0,0,0,0,0,0,0,0
240,0,404,730,2784,367,2,31,35,11,746,606,922,22,14,441,696,1,675,1,0,0,0,0,0,0,0
574,0,1,712,415,0,0,0,0,0,0,0,0,0,0,0,0,0,0,0,0,0,0,0,0,0,0
690,0,2,99,2641,8051,0,0,0,0,0,0,0,0,0,0,0,0,0,0,0,0,0,0,0,0,0
460,1,2,375,904,712,1,6356,693,375,14,441,696,1,675,8549,0,0,0,0,0,0,0,0,0,0,0
553,0,285,258,712,816,10,1,1576,1,904,1,0,0,0,0,0,0,0,0,0,0,0,0,0,0,0
764,0,419,1759,1948,55868,130,4429,39149,130,2103,22789,40,11484,4470,14,441,696,1,2641,55868,0,0,0,0,0,0
206,0,2765,1,1,746,2,163,2,76,1062,60,111,2,76,103,353,28445,1,0,0,0,0,0,0,0,0
392,0,6394,1,471,1,3562,920,3,302,3485,3241,415,1,153,746,0,0,0,0,0,0,0,0,0,0,0
397,1,51,39,28738,53,9,5658,35,85,1275,2,189,4869,1576,136,101,84,712,4869,1,0,0,0,0,0,0
740,0,14,441,696,1,1880,15317,17466,3,5,16830,5975,4852,100,2641,3,69867,24408,1672,2303,0,0,0,0,0,0
217,0,746,16,123,1023,0,0,0,0,0,0,0,0,0,0,0,0,0,0,0,0,0,0,0,0,0
4,1,2,7,2079,1118,1576,127,85,1311,891,2,300,4869,746,302,0,0,0,0,0,0,0,0,0,0,0
642,1,2641,468,3006,1,9563,1,1,1576,22,1,6044,14,441,696,1,9563,0,0,0,0,0,0,0,0,0
781,1,15,2,3674,1,1,342,50,1410,1698,2,12,5194,361,0,0,0,0,0,0,0,0,0,0,0,0
612,1,2641,11018,1202,296,1672,157,393,3494,2641,1,14,441,696,1,0,0,0,0,0,0,0,0,0,0,0
546,1,349,4869,3989,712,7763,3156,1690,53,31,833,14,441,696,1,712,4869,0,0,0,0,0,0,0,0,0
725,0,2641,51220,55868,55,40,408,9421,126,4869,14,441,696,1,0,0,0,0,0,0,0,0,0,0,0,0
683,0,2765,1,3062,1,88,2512,1,93413,255,2641,3,1358,78,569,560,1,0,0,0,0,0,0,0,0,0
98,1,1118,430,7815,746,31939,597,3367,738,2622,233,10,0,0,0,0,0,0,0,0,0,0,0,0,0,0
727,0,124,208,2744,208,11,51980,2641,0,0,0,0,0,0,0,0,0,0,0,0,0,0,0,0,0,0
573,0,1253,3,49496,1471,712,44536,915,1119,92,16,1575,2642,31149,2101,2724,0,0,0,0,0,0,0,0,0,0
406,1,712,106,0,0,0,0,0,0,0,0,0,0,0,0,0,0,0,0,0,0,0,0,0,0,0
502,1,841,27,746,5,1545,688,380,712,218,39,76127,28738,157,25,1527,0,0,0,0,0,0,0,0,0,0
47,1,7158,929,746,2,181,334,465,886,2,149,5,58,816,746,567,0,0,0,0,0,0,0,0,0,0
32,1,2432,111,1552,302,1,60,789,19967,9,302,111,14,441,696,1,746,1,0,0,0,0,0,0,0,0
200,0,11,746,645,277,311,14,441,696,1,0,0,0,0,0,0,0,0,0,0,0,0,0,0,0,0
134,1,746,43711,462,2,7,12,0,0,0,0,0,0,0,0,0,0,0,0,0,0,0,0,0,0,0
27,1,16439,2602,2016,23,46,87,385,497,1,14,441,696,1,1,746,502,515,4530,515,4530,5511,5511,13805,61,2
766,0,2,428,2,97,1131,12797,44,516,566,2641,3090,1003,0,0,0,0,0,0,0,0,0,0,0,0,0
230,0,200,2648,895,10509,619,746,14481,71,2,10404,227,0,0,0,0,0,0,0,0,0,0,0,0,0,0
489,1,2765,1,1746,383,54,439,5514,186,69,101,712,7763,0,0,0,0,0,0,0,0,0,0,0,0,0
378,0,2765,1,382,4,6682,746,746,588,623,1082,612,7528,283,3,722,0,0,0,0,0,0,0,0,0,0
288,0,43,1725,394,65,714,400,109,233,156,194,746,1884,644,267,465,516,157,0,0,0,0,0,0,0,0
418,1,597,2,7,97,155,2,122,389,1339,2,6,1188,712,0,0,0,0,0,0,0,0,0,0,0,0
674,0,2765,1,2641,3097,1473,174,10280,612,463,17710,1178,8432,14,441,696,557,0,0,0,0,0,0,0,0,0
391,0,5516,652,746,520,2641,28,3003,1347,39,1887,246,305,3003,14924,0,0,0,0,0,0,0,0,0,0,0
592,0,880,846,755,4869,6045,12081,1,4,10,1791,14,441,696,1,712,0,0,0,0,0,0,0,0,0,0
498,1,342,557,967,712,2067,44081,39,157,0,0,0,0,0,0,0,0,0,0,0,0,0,0,0,0,0
138,0,184,124,160,425,422,746,14,441,696,1,939,746,0,0,0,0,0,0,0,0,0,0,0,0,0
62,1,746,584,111,1552,4983,60,8,746,142,27,14,441,696,1,0,0,0,0,0,0,0,0,0,0,0
471,1,2,7,453,4869,7768,380,1,6498,4869,44081,1,712,1,0,0,0,0,0,0,0,0,0,0,0,0
647,1,2440,111,975,5025,21,2641,291,198,211,6866,184,74,260,805,135,7596,259,0,0,0,0,0,0,0,0
128,1,2765,1,2,4642,1364,12,46,746,157,128,79,176,43711,128,79,176,1310,0,0,0,0,0,0,0,0
850,0,2765,1,50,580,1,1244,7193,96,59,3217,1887,286,1,2765,4433,905,0,0,0,0,0,0,0,0,0
520,1,712,78,3156,1690,0,0,0,0,0,0,0,0,0,0,0,0,0,0,0,0,0,0,0,0,0
64,1,111,1552,107,1345,1,2148,553,184,4051,746,0,0,0,0,0,0,0,0,0,0,0,0,0,0,0
14,1,110,746,267,296,302,916,2,15950,1,755,1118,0,0,0,0,0,0,0,0,0,0,0,0,0,0
156,0,311,311,311,1,288,914,1517,2101,1698,11,746,55,67,184,6,66,17,8320,0,0,0,0,0,0,0
40,1,12,39,2622,746,302,111,674,616,1,7369,2622,0,0,0,0,0,0,0,0,0,0,0,0,0,0
492,1,6,6,6,495,596,1690,15690,4869,12383,1,174,14,441,696,1,712,0,0,0,0,0,0,0,0,0
379,0,1,746,14924,0,0,0,0,0,0,0,0,0,0,0,0,0,0,0,0,0,0,0,0,0,0
187,0,746,1082,64,1569,176,455,58,157,28,1037,1811,0,0,0,0,0,0,0,0,0,0,0,0,0,0
763,0,14,441,696,1,2641,99,2641,0,0,0,0,0,0,0,0,0,0,0,0,0,0,0,0,0,0
216,0,5063,288,1082,830,1019,31,6862,2234,17,156,746,451,126,0,0,0,0,0,0,0,0,0,0,0,0
52,1,81,2923,2432,100,746,6,2231,1202,1899,576,18001,1691,1561,200,0,0,0,0,0,0,0,0,0,0,0
337,0,184,129,17,2,76,3448,746,2074,1311,450,281,1275,2,71,0,0,0,0,0,0,0,0,0,0,0
748,0,45729,2,181,11,65332,2641,3,1948,55868,380,244,380,457,5607,2074,337,1,0,0,0,0,0,0,0,0
719,0,2641,3,223,11615,94,885,697,1010,1009,14,441,696,1,5831,1,0,0,0,0,0,0,0,0,0,0
724,0,25,19697,1948,55868,10117,886,120,446,2273,11,2641,51,809,8588,0,0,0,0,0,0,0,0,0,0,0
295,0,721,746,2648,459,4,4069,2115,816,308,62,400,109,223,2123,74,4,120,19,0,0,0,0,0,0,0
701,0,597,16,9206,1980,16,1,119,1650,1717,3109,1262,345,557,119,4736,3831,2641,415,0,0,0,0,0,0,0
251,0,1,437,90,1604,396,746,582,352,740,0,0,0,0,0,0,0,0,0,0,0,0,0,0,0,0
726,0,2641,51220,55868,55,40,408,9421,126,4869,14,441,696,1,0,0,0,0,0,0,0,0,0,0,0,0
461,1,43,4869,1906,62,1494,39,4166,9,104,11342,712,0,0,0,0,0,0,0,0,0,0,0,0,0,0
455,1,833,18217,2765,1,712,960,8755,2802,18217,14,441,696,1,1,0,0,0,0,0,0,0,0,0,0,0
869,0,2765,1,50,277,0,0,0,0,0,0,0,0,0,0,0,0,0,0,0,0,0,0,0,0,0
269,0,746,43711,10,715,1655,433,2642,487,474,516,1,415,0,0,0,0,0,0,0,0,0,0,0,0,0
201,0,2765,1,2,7,859,7955,64364,1,798,11644,2381,4995,746,2783,112,126,10148,0,0,0,0,0,0,0,0
161,0,1,2,1604,3981,302,111,133,148,2,24,22,38,11721,4983,3353,1,746,0,0,0,0,0,0,0,0
555,0,382,712,31,3312,39,4166,57184,421,44081,3989,4869,487,0,0,0,0,0,0,0,0,0,0,0,0,0
729,0,1,5748,2440,19029,606,1,2641,805,14,441,696,1,0,0,0,0,0,0,0,0,0,0,0,0,0
401,1,10796,25241,712,0,0,0,0,0,0,0,0,0,0,0,0,0,0,0,0,0,0,0,0,0,0
702,0,1,13380,7528,3403,4557,1,2641,58193,14,441,696,1,0,0,0,0,0,0,0,0,0,0,0,0,0
476,1,4392,4869,111,530,44081,453,125,39,13856,4869,712,0,0,0,0,0,0,0,0,0,0,0,0,0,0
771,1,12,1134,50,0,0,0,0,0,0,0,0,0,0,0,0,0,0,0,0,0,0,0,0,0,0
105,1,315,50,238,1,184,715,1,746,43,123,0,0,0,0,0,0,0,0,0,0,0,0,0,0,0
565,0,712,3674,39,4869,4556,146,1,596,1690,88,2,7,43345,2,7,1275,0,0,0,0,0,0,0,0,0
389,0,184,15418,27,965,1458,34,746,302,1,1367,1273,18045,2281,146,709,126,0,0,0,0,0,0,0,0,0
1,1,746,375,8996,678,302,1,2697,0,0,0,0,0,0,0,0,0,0,0,0,0,0,0,0,0,0
816,1,54,460,747,2,28,39,22,375,63,289,50,7787,0,0,0,0,0,0,0,0,0,0,0,0,0
561,0,2765,1,25402,3,991,18988,460,712,509,1214,25,355,14,441,696,1,675,41156,40177,0,0,0,0,0,0
80,1,1,54,920,1462,302,111,2,20,43711,446,658,1462,724,318,746,1439,15798,43711,0,0,0,0,0,0,0
205,0,746,93635,193,201,457,404,350,252,669,2237,669,1517,474,2,14627,5303,0,0,0,0,0,0,0,0,0
34,1,27,746,3598,1,1273,2941,433,3981,302,111,3,10,11,5628,0,0,0,0,0,0,0,0,0,0,0
775,1,2238,1756,2,84,94,155,142,966,21,21,6111,2,40,50,95,18,0,0,0,0,0,0,0,0,0
508,1,1,12383,200,270,490,402,167,490,423,441,712,1,0,0,0,0,0,0,0,0,0,0,0,0,0
427,1,712,1666,7379,6759,1,1,14,441,696,1,712,0,0,0,0,0,0,0,0,0,0,0,0,0,0
454,1,712,3,11,920,915,79,37543,4176,0,0,0,0,0,0,0,0,0,0,0,0,0,0,0,0,0
366,0,746,1,736,1,4544,400,1273,131,0,0,0,0,0,0,0,0,0,0,0,0,0,0,0,0,0
91,1,280,43711,39,302,10458,1232,440,462,14,441,696,1,746,0,0,0,0,0,0,0,0,0,0,0,0
339,0,383,899,43711,1332,1655,15,229,258,637,3148,746,0,0,0,0,0,0,0,0,0,0,0,0,0,0
564,0,101,31,712,44636,14,441,696,1,11408,0,0,0,0,0,0,0,0,0,0,0,0,0,0,0,0
345,0,136,1,741,2931,3003,157,543,958,626,722,746,0,0,0,0,0,0,0,0,0,0,0,0,0,0
776,1,50,142,886,33,4,59,0,0,0,0,0,0,0,0,0,0,0,0,0,0,0,0,0,0,0
241,0,2,4,31,11,43711,3,732,1489,746,5,526,2797,732,11,12975,14,441,696,1,0,0,0,0,0,0
13,1,36,984,580,1,1,110,746,267,296,302,2,15950,1,755,1118,1,0,0,0,0,0,0,0,0,0
315,0,54320,158,1851,746,1,1462,1553,415,0,0,0,0,0,0,0,0,0,0,0,0,0,0,0,0,0
600,1,2765,1,257,2,12,2641,313,2641,1845,1758,1,5619,3052,1884,14,441,696,1,1,0,0,0,0,0,0
387,0,1553,17,157,746,143,109,2852,2829,120,3,23,6,0,0,0,0,0,0,0,0,0,0,0,0,0
273,0,184,2765,1,812,11,746,23986,693,6327,40,43711,133,7787,0,0,0,0,0,0,0,0,0,0,0,0
166,0,160,2,169,401,746,2765,31242,3234,833,826,38718,30243,3,1273,4,73630,0,0,0,0,0,0,0,0,0
865,0,2,40,5,50,0,0,0,0,0,0,0,0,0,0,0,0,0,0,0,0,0,0,0,0,0
646,1,2765,1,2440,111,975,5025,21,2641,291,198,211,6866,184,74,260,805,135,0,0,0,0,0,0,0,0
818,0,2765,1,4427,2765,1,27,413,23,2765,3,57,50,140,602,697,404,1081,5749,14,441,696,0,0,0,0
484,1,1,2,24,229,101,428,2045,2454,669,1498,2322,712,7763,0,0,0,0,0,0,0,0,0,0,0,0
854,0,8635,2261,50,612,10,1298,109,124,134,426,433,2765,65658,0,0,0,0,0,0,0,0,0,0,0,0
504,1,160,2,20,1,243,1303,1169,1690,176,5,332,615,712,0,0,0,0,0,0,0,0,0,0,0,0
243,0,46,28,456,543,2237,931,93635,193,33,4,2651,3980,1385,746,516,95,1841,0,0,0,0,0,0,0,0
566,0,44081,1,6045,12081,6498,157,1278,2778,4,6,5898,14,1,696,1,712,10429,4869,0,0,0,0,0,0,0
562,0,3767,6842,5012,6402,8362,11112,14,441,696,1,712,0,0,0,0,0,0,0,0,0,0,0,0,0,0
686,0,1738,846,2641,67,4,5,5365,0,0,0,0,0,0,0,0,0,0,0,0,0,0,0,0,0,0
189,0,746,38643,2719,1,38,746,76,190,5695,135,4869,2,36,0,0,0,0,0,0,0,0,0,0,0,0
782,1,50,313,460,0,0,0,0,0,0,0,0,0,0,0,0,0,0,0,0,0,0,0,0,0,0
699,0,124,3403,9072,13895,2641,10353,14,441,696,1,3089,1,11179,3128,3403,2641,198,1328,0,0,0,0,0,0,0
475,1,81,211,712,4045,1008,6231,4869,111,530,141,661,141,25,105,545,47,184,3721,2,76,65,0,0,0,0
681,0,2641,1021,371,4400,1,22242,8143,9656,28,1,281,9367,2642,0,0,0,0,0,0,0,0,0,0,0,0
510,1,4995,1503,13895,2368,574,712,459,14,441,696,1,2,33,4,65,72,0,0,0,0,0,0,0,0,0
58,1,1,6890,31274,1,41630,1,746,50,1,38,0,0,0,0,0,0,0,0,0,0,0,0,0,0,0
474,1,23812,6555,28738,1416,272,2231,1623,14,441,696,1,4869,44081,712,7763,0,0,0,0,0,0,0,0,0,0
560,0,257,712,795,16941,2449,2043,460,3017,7938,14,441,696,1,712,0,0,0,0,0,0,0,0,0,0,0
747,0,2214,1052,3850,10626,2641,793,5667,275,40,155,44,345,113,0,0,0,0,0,0,0,0,0,0,0,0
252,0,844,2423,1149,2642,1082,316,382,1149,6,245,36,746,410,0,0,0,0,0,0,0,0,0,0,0,0
21,1,147,62,22,11569,4589,1517,2642,746,706,15,305,14,441,696,1,0,0,0,0,0,0,0,0,0,0
313,0,1,90,802,345,10124,66,377,394,582,1819,352,516,746,0,0,0,0,0,0,0,0,0,0,0,0
459,1,44081,53,117,130,120,157,4869,712,22877,0,0,0,0,0,0,0,0,0,0,0,0,0,0,0,0
160,0,746,113,1052,2507,1,46,76,353,157,5406,2907,3283,311,0,0,0,0,0,0,0,0,0,0,0,0
276,0,746,43711,0,0,0,0,0,0,0,0,0,0,0,0,0,0,0,0,0,0,0,0,0,0,0
191,0,2,28,10509,165,2,37,65,619,1,45,746,746,567,222,38,1043,14,441,696,1,0,0,0,0,0
385,0,746,43711,33,4,1702,1655,3,636,2722,1,0,0,0,0,0,0,0,0,0,0,0,0,0,0,0
805,1,556,50,2,26,46,998,44,142,764,1148,0,0,0,0,0,0,0,0,0,0,0,0,0,0,0
413,1,597,1162,712,0,0,0,0,0,0,0,0,0,0,0,0,0,0,0,0,0,0,0,0,0,0
491,1,1426,11920,712,6555,28738,495,596,1690,31,53,318,39,157,4869,11342,28738,712,0,0,0,0,0,0,0,0
343,0,556,746,2,4,24,1,2537,1010,1,0,0,0,0,0,0,0,0,0,0,0,0,0,0,0,0
769,0,349,2784,1948,6532,1131,12797,4767,1,12797,169,1884,8290,248,156,746,2641,0,0,0,0,0,0,0,0,0
308,0,556,746,130,267,674,284,21,2568,2719,78,43,0,0,0,0,0,0,0,0,0,0,0,0,0,0
661,1,133,2641,367,152,271,353,8014,13647,14,441,696,1,0,0,0,0,0,0,0,0,0,0,0,0,0
130,1,531,3717,746,4557,4,1458,1899,21,3298,302,1310,8,0,0,0,0,0,0,0,0,0,0,0,0,0
663,0,44081,4869,6,422,3204,50564,2641,1,151,422,53949,3403,1829,0,0,0,0,0,0,0,0,0,0,0,0
99,1,746,304,128,594,129,17,302,176,9,249,123,0,0,0,0,0,0,0,0,0,0,0,0,0,0
372,0,1139,746,1,47264,1672,222,4432,15313,2873,2120,3683,1,0,0,0,0,0,0,0,0,0,0,0,0,0
87,1,746,6154,931,1,689,2,267,973,1389,262,443,2376,15,266,1670,1088,0,0,0,0,0,0,0,0,0
458,1,9,23,712,191,353,1887,1576,1113,14,441,696,1,1,4869,0,0,0,0,0,0,0,0,0,0,0
330,0,2,148,410,27,413,3485,3837,8130,936,1018,746,746,1,1,0,0,0,0,0,0,0,0,0,0,0
214,0,2149,190,2129,284,2507,302,87,194,126,746,1168,25,277,0,0,0,0,0,0,0,0,0,0,0,0
466,1,356,128,1,165,7763,712,3,969,174,407,20228,257,4,2,1544,4869,0,0,0,0,0,0,0,0,0
121,1,1118,460,16,270,31,28,847,1118,2935,5,746,302,460,751,899,0,0,0,0,0,0,0,0,0,0
614,1,2641,11018,1202,296,1672,157,393,3494,2641,1,14,441,696,1,0,0,0,0,0,0,0,0,0,0,0
20,1,2765,1,147,62,22,11569,4589,1517,2642,746,706,15,305,14,441,696,1,0,0,0,0,0,0,0,0
700,0,2641,43964,12864,1,3645,1,244,1995,0,0,0,0,0,0,0,0,0,0,0,0,0,0,0,0,0
71,1,113,746,93635,193,465,994,1680,1010,419,27933,0,0,0,0,0,0,0,0,0,0,0,0,0,0,0
106,1,4059,816,746,2648,895,2466,3334,738,1720,1899,296,205,284,1010,3981,296,365,0,0,0,0,0,0,0,0
270,0,14811,1407,1,1882,746,1884,17150,0,0,0,0,0,0,0,0,0,0,0,0,0,0,0,0,0,0
860,0,50,5,551,277,2860,0,0,0,0,0,0,0,0,0,0,0,0,0,0,0,0,0,0,0,0
435,1,712,28738,1891,1708,14,441,696,1,10389,0,0,0,0,0,0,0,0,0,0,0,0,0,0,0,0
102,1,2765,1,154,58,1309,4590,536,15,3,1124,1293,13258,12878,746,4961,1900,14,441,0,0,0,0,0,0,0
